so-11353603-1-1,gh-0-2-80-90
so-10808650-1-1,gh-14-2-26-45,Rename,Insert_Final_Modifier,Change_Annotation,Update_Type
so-10808650-1-1,gh-15-1-27-51,Rename,Insert_Final_Modifier,Change_Comment,Update_Type
so-10808650-1-1,gh-27-1-41-60,Rename,Change_Method_Call,Change_Annotation
so-10808650-1-1,gh-28-1-20-39,Rename,Change_Method_Call,Change_Annotation
so-16018452-2-3,gh-5-1-263-293,Change_Curly_Brace,Update_Constant_Value,Change_Method_Call,Change_Conditional_Expression,Insert_If_Check,Change_Logging,Change_Access_Modifier
so-6162687-0-1,gh-1-1-300-327,Change_Comment,Change_Access_Modifier,Update_Type
so-6162687-0-1,gh-2-1-93-120,Change_Method_Call,Change_Conditional_Expression,Change_Comment
so-6162687-0-1,gh-4-2-1095-1122,Rename,Change_Curly_Brace
so-8394202-0-1,gh-0-1-148-180,Rename,Change_Method_Call,Change_Conditional_Expression,Change_Comment,Update_Type,Change_Access_Modifier
so-27455330-5-3,gh-5-1-110-163,Handle_New_Exception,Change_Method_Call,Insert_Delete_Try_Catch,Insert_If_Check,Change_Logging,Change_Comment
so-33002383-0-2,gh-51-1-60-271,Rename,Update_Constant_Value,Change_Method_Call,Change_Comment,Update_Type
so-33164852-0-2,gh-0-1-47-71,Change_Method_Call,Declare_Unknown_Variable,Change_Annotation,Change_Access_Modifier
so-4298836-0-1,gh-4-1-68-324,Insert_Final_Modifier
so-21893662-4-2,gh-5-1-45-87,Change_Method_Call,Change_Conditional_Expression
so-6446831-5-2,gh-0-1-130-153,Rename,Change_Method_Call,Resolve_Local_Method_Call
so-11854901-7-1,gh-0-2-255-279,Change_Comment
so-1153025-1-1,gh-3-1-366-385,Change_Access_Modifier
so-14194104-4-2,gh-0-1-59-81
so-14868161-0-2,gh-6-1-135-166,Handle_New_Exception,Rename,Insert_Delete_Thrown_Exception,Delete_UnKnown_Variable_Or_Call,Change_Method_Call,Insert_Delete_Try_Catch,Change_Comment,Update_Type,Change_Access_Modifier
so-14868161-0-2,gh-5-1-27-57,Handle_New_Exception,Rename,Insert_Delete_Thrown_Exception,Delete_UnKnown_Variable_Or_Call,Change_Method_Call,Insert_Delete_Try_Catch,Change_Comment,Update_Type,Change_Access_Modifier
so-26586052-0-2,gh-0-1-22-37,Update_Constant_Value,Change_Method_Call
so-24571681-1-1,gh-3-1-147-163,Rename,Change_Method_Call,Change_Conditional_Expression
so-24571681-1-1,gh-0-1-43-60,Rename,Change_Method_Call,Change_Conditional_Expression
so-24571681-1-1,gh-4-1-30-49,Change_Method_Call
so-27548268-0-1,gh-0-2-35-62,Rename,Change_Curly_Brace,Delete_UnKnown_Variable_Or_Call,Change_Method_Call,Change_Comment,Update_Type,Change_Access_Modifier
so-560958-6-2,gh-4-2-102-123,Update_Constant_Value
so-20618152-0-1,gh-0-1-226-245,Change_Method_Call,Change_Comment,Update_Type,Change_Access_Modifier
so-34673382-0-1,gh-0-1-26-52,Handle_New_Exception,Rename,Change_Catch_Block,Update_Exception_Type,Change_Logging,Change_Comment,Change_Annotation,Update_Type
so-25462286-1-1,gh-1-3-53-87,Update_Type
so-25462286-1-1,gh-4-9-52-80
so-25462286-1-1,gh-5-1-52-80,Rename
so-31243174-1-2,gh-21-1-32-50,Change_Method_Call
so-5446323-17-1,gh-0-1-298-324
so-8151453-2-1,gh-0-1-23-47,Change_Method_Call,Insert_If_Check
so-20480741-1-3,gh-4-7-187-233,Change_Comment
so-13778405-2-1,gh-1-1-366-527,Rename,Update_Constant_Value,Change_Method_Call,Change_Conditional_Expression
so-13778405-2-1,gh-0-1-219-364,Rename,Update_Constant_Value,Change_Method_Call,Change_Conditional_Expression
so-13778405-2-1,gh-2-1-529-686
so-12089127-0-5,gh-65-1-19-40,Update_Constant_Value,Change_Access_Modifier
so-5552950-3-1,gh-1-1-56-94,Rename,Update_Constant_Value,Change_Method_Call,Inline_Field,Change_Comment,Update_Type
so-5552950-3-1,gh-10-2-39-72,Rename,Change_Catch_Block,Update_Constant_Value,Change_Method_Call,Change_Logging,Change_Comment,Change_Annotation,Update_Type
so-5552950-3-1,gh-14-1-15-55,Rename,Update_Constant_Value,Change_Comment,Update_Type,Change_Access_Modifier
so-18004334-15-1,gh-5-1-244-261,Change_Access_Modifier
so-18004334-15-1,gh-3-1-220-249,Change_Access_Modifier
so-16386066-1-1,gh-0-1-105-128,Rename
so-6163701-9-4,gh-3-1-270-283,Change_Method_Call
so-6163701-9-4,gh-4-1-371-378,Rename,Change_Method_Call,Change_Conditional_Expression,Update_Type
so-6163701-9-4,gh-5-1-281-293,Change_Method_Call
so-7420690-0-1,gh-4-1-333-386,Rename,Change_Method_Call,Insert_If_Check,Change_Comment,Update_Type
so-13592567-0-2,gh-10-1-49-59,Change_Access_Modifier
so-13592567-0-2,gh-14-1-80-106,Rename,Insert_Final_Modifier,Insert_Delete_Thrown_Exception,Change_Method_Call,Insert_Delete_Try_Catch,Change_Comment,Update_Type
so-7631893-2-3,gh-2-1-69-89,Change_Access_Modifier
so-7219095-0-1,gh-0-1-30-62,Rename,Update_Constant_Value,Change_Method_Call,Change_Access_Modifier
so-7361989-1-1,gh-2-1-89-106
so-22563297-0-2,gh-1-1-257-301,Rename,Update_Constant_Value,Delete_UnKnown_Variable_Or_Call,Change_Comment,Change_Annotation
so-12576420-3-1,gh-1-1-625-642,Change_Access_Modifier
so-4800910-0-1,gh-0-1-16-41,Insert_If_Check,Change_Comment
so-140430-0-2,gh-3-1-71-87,Rename,Change_Curly_Brace,Change_Access_Modifier
so-24313590-0-1,gh-0-1-205-214,Rename
so-14815588-0-1,gh-0-2-38-59,Change_Method_Call,Insert_If_Check,Declare_Unknown_Variable
so-34542473-0-1,gh-1-1-154-185,Rename,Change_Catch_Block,Change_Curly_Brace,Change_Comment,Factor_Out_Constant,Change_Annotation,Change_Access_Modifier
so-5740935-0-4,gh-0-1-108-129,Rename
so-28303955-2-4,gh-6-1-68-88,Change_Method_Call,Change_Conditional_Expression
so-33711983-1-1,gh-0-1-78-161,Change_Method_Call,Change_Conditional_Expression,Insert_Delete_Try_Catch,Insert_If_Check,Declare_Unknown_Variable,Change_Access_Modifier
so-33711983-1-1,gh-1-1-79-167,Handle_New_Exception,Rename,Change_Curly_Brace,Change_Method_Call,Change_Conditional_Expression,Insert_Delete_Try_Catch,Insert_If_Check,Change_Logging,Change_Comment,Declare_Unknown_Variable,Update_Type
so-36324030-0-1,gh-1-2-137-147,Rename,Update_Constant_Value,Change_Method_Call,Change_Comment
so-24043510-1-1,gh-3-1-45-65,Update_Type
so-3758653-0-2,gh-7-1-189-212,Rename,Insert_Final_Modifier,Change_Method_Call,Resolve_Local_Method_Call,Inline_Field,Change_Comment
so-5332068-1-1,gh-0-1-20-52
so-24638963-8-1,gh-0-1-127-145,Rename,Update_Constant_Value
so-13381228-1-5,gh-2-2-171-201,Insert_Final_Modifier,Change_Method_Call,Insert_If_Check,Change_Access_Modifier
so-28797981-11-1,gh-0-1-146-165,Change_Curly_Brace,Update_Constant_Value,Change_Comment
so-6996263-2-1,gh-0-1-386-396
so-35247072-5-1,gh-1-1-137-158,Change_Method_Call,Change_Conditional_Expression,Insert_If_Check
so-35247072-5-1,gh-0-1-146-160,Rename,Change_Method_Call,Change_Conditional_Expression,Update_Type
so-35247072-5-1,gh-2-1-151-185,Rename,Change_Method_Call,Change_Conditional_Expression,Insert_If_Check,Update_Type
so-26654728-2-1,gh-0-1-46-78,Rename,Change_Logging
so-19982338-2-2,gh-8-1-64-123,Rename,Change_Logging
so-19982338-2-2,gh-7-2-55-121,Rename,Change_Catch_Block,Change_Method_Call,Change_Logging
so-35247072-32-1,gh-0-1-337-354,Rename,Delete_UnKnown_Variable_Or_Call,Change_Method_Call,Change_Access_Modifier
so-35247072-32-1,gh-2-2-221-252,Delete_UnKnown_Variable_Or_Call,Change_Method_Call,Insert_If_Check
so-35247072-32-1,gh-1-1-248-279,Delete_UnKnown_Variable_Or_Call,Change_Method_Call,Insert_If_Check
so-11926880-3-1,gh-8-1-187-256
so-22468194-0-1,gh-0-1-1211-1224,Change_Comment
so-7898685-0-1,gh-3-1-70-108,Rename,Insert_Final_Modifier,Delete_UnKnown_Variable_Or_Call,Change_Method_Call,Change_Comment,Update_Type
so-10235381-3-1,gh-6-1-71-101,Handle_New_Exception,Rename,Change_Catch_Block,Insert_Final_Modifier,Change_Curly_Brace,Change_Method_Call,Change_Conditional_Expression,Insert_If_Check,Change_Logging,Factor_Out_Constant,Change_Annotation
so-10235381-3-1,gh-5-1-63-96,Rename,Change_Catch_Block,Change_Method_Call,Change_Annotation
so-10235381-3-1,gh-7-1-65-99,Rename,Change_Method_Call,Change_Annotation
so-10235381-3-1,gh-3-5-63-96,Rename,Change_Annotation
so-3495908-0-6,gh-11-2-157-175,Change_Curly_Brace
so-16562265-0-2,gh-0-1-466-488,Rename,Update_Constant_Value
so-28510031-1-2,gh-7-1-18-66,Rename
so-30050134-4-1,gh-74-1-97-167,Rename,Change_Method_Call,Insert_If_Check,Change_Comment,Change_Annotation,Change_Access_Modifier
so-5646121-5-2,gh-1-2-24-40
so-33320829-1-1,gh-7-1-18-66,Rename,Change_Method_Call,Change_Conditional_Expression
so-8058442-0-1,gh-0-1-306-321,Rename
so-1201102-0-3,gh-22-1-67-92,Rename,Change_Method_Call,Insert_Delete_Try_Catch,Update_Type,Change_Access_Modifier
so-15000857-3-1,gh-0-1-62-100
so-938657-1-6,gh-10-1-123-138,Change_Method_Call
so-10621553-2-1,gh-2-2-24-36
so-25806229-2-1,gh-0-2-37-60,Change_Method_Call
so-1499540-0-1,gh-0-1-332-392,Change_Comment,Update_Type
so-25379180-0-2,gh-2-1-127-152,Insert_If_Check,Change_Comment
so-11189384-12-1,gh-1-1-361-377
so-6193434-3-1,gh-0-1-89-122,Change_Method_Call,Change_Comment,Change_Annotation,Update_Type
so-6193434-3-1,gh-4-1-75-114,Change_Method_Call,Change_Comment,Update_Type
so-11307864-0-1,gh-1-1-45-71,Rename,Insert_Final_Modifier,Change_Curly_Brace,Update_Constant_Value,Change_Conditional_Expression,Factor_Out_Constant
so-2864923-0-3,gh-22-1-1825-1847,Insert_Final_Modifier,Change_Method_Call,Insert_If_Check,Change_Access_Modifier
so-13375811-3-2,gh-17-1-13-35,Change_Curly_Brace,Change_Method_Call,Change_Conditional_Expression
so-13375811-3-2,gh-16-3-62-81,Change_Annotation
so-23365536-15-3,gh-1-1-161-248,Rename
so-23365536-15-3,gh-0-1-153-235
so-2951641-0-1,gh-2-1-18-43,Change_Catch_Block,Change_Method_Call
so-2951641-0-1,gh-1-1-27-52,Change_Method_Call
so-29946540-11-3,gh-1-2-193-216,Change_Method_Call,Insert_If_Check,Change_Logging,Change_Comment
so-19965362-0-1,gh-6-1-76-114,Rename,Delete_UnKnown_Variable_Or_Call,Change_Method_Call,Change_Comment,Change_Access_Modifier
so-14612564-0-1,gh-1-1-54-82,Change_Catch_Block,Insert_Final_Modifier,Update_Type,Change_Access_Modifier
so-31629308-2-1,gh-0-1-1045-1066,Change_Method_Call,Insert_If_Check
so-30641030-0-1,gh-0-1-39-69,Rename,Change_Curly_Brace,Change_Comment
so-21986475-0-1,gh-2-3-15-66,Change_Catch_Block,Change_Logging,Change_Access_Modifier
so-21986475-0-1,gh-3-1-29-79,Rename,Change_Catch_Block,Update_Constant_Value,Change_Logging,Change_Access_Modifier
so-21986475-0-1,gh-1-7-299-350,Change_Catch_Block,Change_Logging
so-39141846-3-1,gh-2-1-62-368,Change_Method_Call
so-12320716-4-1,gh-2-1-22-38
so-14824200-0-1,gh-12-1-1825-1847,Insert_Final_Modifier,Change_Curly_Brace,Change_Method_Call,Change_Access_Modifier
so-10048884-0-1,gh-0-1-159-227,Change_Comment,Change_Annotation
so-4761689-0-3,gh-0-1-200-325,Rename,Delete_UnKnown_Variable_Or_Call,Change_Method_Call,Change_Comment,Change_Access_Modifier
so-4761689-0-3,gh-2-1-334-433,Rename,Update_Constant_Value,Delete_UnKnown_Variable_Or_Call,Change_Method_Call,Insert_If_Check,Change_Logging,Change_Comment,Update_Type,Change_Access_Modifier
so-4761689-0-3,gh-1-2-19-159,Insert_Final_Modifier,Update_Constant_Value,Change_Method_Call,Update_Type,Change_Access_Modifier
so-26892658-2-1,gh-1-1-77-110,Change_Method_Call,Insert_If_Check,Update_Type,Change_Access_Modifier
so-26892658-2-1,gh-0-1-85-112,Change_Comment,Update_Type
so-5560634-0-5,gh-3-1-55-87,Rename,Update_Constant_Value,Change_Access_Modifier
so-5560634-0-5,gh-1-1-135-174,Rename,Change_Catch_Block,Update_Constant_Value
so-5560634-0-5,gh-5-1-10-41,Rename,Update_Constant_Value,Change_Access_Modifier
so-18966430-0-1,gh-5-2-157-175,Rename,Change_Method_Call,Change_Conditional_Expression,Insert_If_Check
so-18046750-0-2,gh-11-2-157-175,Change_Curly_Brace,Change_Access_Modifier
so-14983747-2-1,gh-1-2-83-153,Change_Method_Call,Change_Conditional_Expression,Insert_If_Check,Change_Comment
so-29446830-1-1,gh-70-1-64-76,Rename,Insert_Final_Modifier,Update_Constant_Value
so-29446830-1-1,gh-69-1-50-62,Rename,Insert_Final_Modifier
so-22589715-3-1,gh-1-1-170-195,Update_Constant_Value,Change_Method_Call,Change_Conditional_Expression,Insert_If_Check
so-22589715-3-1,gh-2-1-181-206,Update_Constant_Value,Change_Method_Call,Change_Conditional_Expression,Insert_If_Check,Change_Comment,Factor_Out_Constant
so-25462286-15-1,gh-2-2-31-43,Rename
so-25462286-15-1,gh-1-11-121-134,Change_Method_Call
so-16800527-1-2,gh-2-1-216-259,Change_Method_Call,Change_Conditional_Expression
so-16800527-1-2,gh-0-2-20-49,Change_Method_Call,Change_Comment,Change_Access_Modifier,Update_Type
so-13986063-4-3,gh-0-1-55-91,Change_Curly_Brace,Update_Constant_Value,Change_Comment,Update_Type
so-672775-4-1,gh-0-1-145-201,Handle_New_Exception,Rename,Insert_Delete_Thrown_Exception,Delete_UnKnown_Variable_Or_Call,Change_Method_Call,Change_Conditional_Expression,Insert_Delete_Try_Catch,Insert_If_Check,Change_Comment
so-14230668-13-1,gh-23-1-24-42
so-22445878-1-1,gh-4-1-54-66,Rename,Change_Method_Call,Factor_Out_Constant
so-22445878-1-1,gh-3-1-39-52,Rename,Update_Constant_Value,Change_Method_Call,Factor_Out_Constant
so-10600736-0-7,gh-35-1-268-284,Change_Method_Call,Change_Conditional_Expression
so-10600736-0-7,gh-29-1-18-43,Change_Method_Call
so-14885950-0-1,gh-9-1-119-160,Rename,Change_Catch_Block,Change_Logging,Change_Comment,Factor_Out_Constant,Update_Type
so-21940193-2-1,gh-0-2-216-242,Rename
so-31694986-3-1,gh-0-1-40-59
so-7592883-1-1,gh-0-1-81-97,Rename,Change_Method_Call,Insert_If_Check
so-18004334-7-1,gh-4-1-181-206,Change_Catch_Block,Change_Curly_Brace,Delete_UnKnown_Variable_Or_Call,Change_Logging
so-5402769-0-1,gh-3-1-37-69
so-34675427-2-1,gh-0-1-64-90,Change_Comment
so-23365536-14-3,gh-2-1-126-159,Handle_New_Exception,Rename,Insert_Delete_Thrown_Exception
so-23365536-14-3,gh-1-1-119-151,Handle_New_Exception,Change_Conditional_Expression,Insert_If_Check,Insert_Delete_Try_Catch,Change_Finally
so-25462286-10-1,gh-4-11-73-89,Rename,Change_Method_Call,Change_Comment,Change_Access_Modifier
so-25462286-10-1,gh-1-3-223-241,Change_Comment,Update_Type
so-19982451-2-1,gh-1-1-74-135
so-19982451-2-1,gh-3-1-45-104,Change_Logging
so-19982451-2-1,gh-0-1-113-176,Rename,Update_Constant_Value,Change_Method_Call,Change_Conditional_Expression,Inline_Field,Insert_Delete_Try_Catch,Insert_If_Check,Change_Logging,Change_Annotation
so-19982451-2-1,gh-4-1-25-88,Change_Logging,Change_Annotation
so-6011906-1-1,gh-0-1-50-84,Change_Access_Modifier
so-4407803-1-3,gh-4-3-48-73,Rename
so-11189384-11-1,gh-1-1-326-359
so-13007325-4-2,gh-7-2-12-38,Change_Comment
so-13007325-4-2,gh-10-1-55-86,Handle_New_Exception,Insert_Delete_Thrown_Exception,Change_Method_Call,Insert_Delete_Try_Catch,Change_Comment
so-13007325-4-2,gh-6-1-190-219,Update_Constant_Value,Change_Method_Call,Change_Comment
so-13007325-4-2,gh-0-1-84-117,Handle_New_Exception,Change_Method_Call,Update_Exception_Type,Change_Comment,Update_Type
so-13007325-4-2,gh-1-10-26-55,Change_Method_Call,Change_Comment
so-15612964-3-3,gh-0-1-254-374,Change_Method_Call,Change_Conditional_Expression,Insert_If_Check
so-2793959-1-1,gh-2-4-99-130
so-2581754-1-1,gh-1-1-82-101,Rename
so-2581754-1-1,gh-0-1-60-80,Rename
so-9435874-0-1,gh-0-1-44-105,Handle_New_Exception,Rename,Insert_Delete_Thrown_Exception,Change_Curly_Brace,Update_Constant_Value,Change_Method_Call,Insert_If_Check,Insert_Delete_Try_Catch,Update_Type
so-28055086-1-1,gh-0-1-68-87,Rename,Change_Catch_Block,Change_Annotation
so-28224544-0-1,gh-1-1-117-199,Rename,Change_Method_Call,Change_Comment,Update_Type,Change_Access_Modifier
so-7306536-1-1,gh-0-1-958-998,Rename,Update_Constant_Value,Change_Method_Call,Change_Comment,Change_Annotation,Change_Access_Modifier,Update_Type
so-1269907-0-1,gh-4-1-59-102,Rename,Change_Comment
so-1269907-0-1,gh-5-1-193-228,Rename,Insert_Delete_Thrown_Exception,Change_Method_Call,Change_Comment,Update_Type
so-1269907-0-1,gh-2-1-399-443,Insert_Delete_Thrown_Exception,Change_Method_Call,Insert_Delete_Try_Catch,Change_Comment
so-1269907-0-1,gh-3-1-188-227,Rename,Insert_Delete_Thrown_Exception,Change_Method_Call,Insert_Delete_Try_Catch,Change_Comment,Update_Type
so-11189384-6-1,gh-1-1-142-165
so-453067-0-4,gh-1-1-133-160,Handle_New_Exception,Rename,Change_Method_Call,Change_Conditional_Expression,Insert_If_Check,Insert_Delete_Try_Catch,Change_Comment,Change_Finally,Change_Access_Modifier
so-453067-0-4,gh-10-1-60-85,Handle_New_Exception,Rename,Change_Method_Call,Update_Exception_Type,Insert_Delete_Try_Catch,Change_Comment,Change_Finally,Update_Type
so-453067-0-4,gh-12-1-121-141,Rename,Insert_Delete_Try_Catch,Change_Finally,Change_Access_Modifier
so-453067-0-4,gh-2-1-22-53,Handle_New_Exception,Rename,Insert_Delete_Thrown_Exception,Change_Method_Call,Insert_Delete_Try_Catch,Update_Type
so-5093734-0-1,gh-0-1-49-62,Rename,Update_Constant_Value,Change_Method_Call,Update_Type
so-36312079-0-1,gh-0-1-27-48,Change_Annotation
so-2951193-0-1,gh-1-1-172-189,Handle_New_Exception,Rename,Insert_Delete_Thrown_Exception,Change_Method_Call,Update_Exception_Type,Change_Logging,Change_Comment,Update_Type,Change_Access_Modifier
so-14989037-0-1,gh-1-2-726-752,Change_Method_Call
so-3923182-3-1,gh-2-1-216-235,Rename,Change_Catch_Block,Update_Type,Change_Access_Modifier
so-9704912-5-1,gh-0-1-33-105,Change_Curly_Brace,Update_Constant_Value,Change_Conditional_Expression,Update_Type
so-1835577-0-2,gh-18-1-54-109,Change_Method_Call,Change_Comment,Update_Type
so-11042773-4-1,gh-0-1-18-35,Update_Constant_Value
so-16485989-0-1,gh-0-1-237-264,Rename,Update_Constant_Value,Change_Logging
so-28510031-2-2,gh-5-1-68-88,Change_Conditional_Expression
so-123305-0-7,gh-13-1-94-116,Rename,Change_Method_Call,Change_Comment
so-123305-0-7,gh-4-3-620-641,Update_Constant_Value,Change_Comment,Change_Access_Modifier
so-19592492-0-7,gh-24-1-200-245,Change_Curly_Brace,Change_Method_Call,Insert_If_Check,Change_Comment,Change_Access_Modifier
so-10872497-0-1,gh-2-1-19-43,Handle_New_Exception,Insert_Delete_Thrown_Exception,Change_Curly_Brace,Update_Constant_Value,Change_Conditional_Expression,Update_Exception_Type,Change_Comment,Change_Access_Modifier,Update_Type
so-10872497-0-1,gh-3-1-18-39,Update_Constant_Value,Change_Comment
so-10872497-0-1,gh-0-3-13-44,Rename,Change_Comment
so-10872497-0-1,gh-8-2-16-40,Change_Comment
so-10872497-0-1,gh-7-1-47-73,Update_Constant_Value,Change_Comment
so-13913206-1-3,gh-10-1-70-102,Change_Comment,Update_Type
so-7166058-0-1,gh-4-2-26-45,Rename,Insert_Final_Modifier,Change_Method_Call,Change_Comment,Change_Annotation,Update_Type
so-7166058-0-1,gh-5-1-27-51,Rename,Insert_Final_Modifier,Change_Method_Call,Change_Comment,Change_Annotation,Update_Type
so-7166058-0-1,gh-18-1-20-39,Rename,Change_Method_Call,Change_Comment,Change_Annotation,Update_Type
so-7166058-0-1,gh-17-1-41-60,Rename,Change_Method_Call,Change_Comment,Change_Annotation,Update_Type
so-7528129-36-1,gh-4-1-526-563,Change_Method_Call
so-2103608-0-1,gh-4-2-68-78,Change_Access_Modifier
so-30281205-1-1,gh-3-1-165-201,Handle_New_Exception,Update_Constant_Value,Change_Method_Call,Insert_Delete_Try_Catch,Insert_If_Check,Change_Comment
so-3366603-0-1,gh-2-1-358-393,Rename,Change_Curly_Brace,Change_Method_Call,Change_Conditional_Expression,Insert_If_Check
so-13649579-2-1,gh-0-2-25-64
so-33070838-0-1,gh-1-1-39-57,Rename,Change_Catch_Block,Insert_Final_Modifier,Change_Method_Call,Change_Conditional_Expression,Change_Logging,Change_Comment,Change_Annotation,Update_Type,Change_Access_Modifier
so-5552950-5-1,gh-1-1-56-94,Rename,Update_Constant_Value,Change_Method_Call,Inline_Field,Change_Comment,Update_Type
so-5552950-5-1,gh-10-2-39-72,Change_Catch_Block,Change_Method_Call,Change_Logging,Change_Comment,Change_Annotation,Update_Type
so-5552950-5-1,gh-14-1-15-55,Rename,Update_Constant_Value,Change_Comment,Update_Type,Change_Access_Modifier
so-12543803-0-1,gh-1-1-87-124,Change_Method_Call,Change_Access_Modifier
so-12543803-0-1,gh-2-1-33-63,Rename,Change_Method_Call,Inline_Field,Change_Access_Modifier
so-3348150-2-1,gh-1-1-58-89,Rename,Change_Method_Call,Insert_If_Check
so-3348150-2-1,gh-2-1-90-131,Change_Method_Call,Inline_Field,Change_Comment
so-10554128-0-1,gh-0-1-15-44,Rename,Change_Method_Call,Change_Conditional_Expression,Change_Comment,Change_Access_Modifier,Update_Type
so-2793959-0-1,gh-0-1-35-97,Change_Annotation
so-7295931-2-1,gh-1-1-24-36
so-10358260-0-1,gh-0-1-104-134,Rename,Update_Constant_Value,Change_Method_Call,Inline_Field,Change_Annotation,Update_Type,Change_Access_Modifier
so-10303676-0-4,gh-1-1-22-87,Rename,Update_Constant_Value,Change_Method_Call,Insert_If_Check,Change_Logging,Declare_Unknown_Variable,Change_Annotation
so-23291236-4-1,gh-0-1-66-96
so-6163701-12-2,gh-6-1-341-363,Rename,Delete_UnKnown_Variable_Or_Call,Change_Method_Call,Update_Type
so-6163701-12-2,gh-5-1-317-339,Update_Constant_Value,Change_Method_Call
so-6163701-12-2,gh-4-1-304-330,Update_Constant_Value,Change_Method_Call,Insert_If_Check,Update_Type
so-10034633-1-1,gh-1-1-52-130,Insert_If_Check,Update_Type
so-10034633-1-1,gh-0-1-29-97,Change_Annotation
so-6378872-4-2,gh-0-2-56-89
so-7917978-1-5,gh-0-1-60-86,Change_Comment
so-17503823-3-11,gh-1-3-48-81
so-22760080-0-1,gh-0-1-328-342,Rename,Insert_Final_Modifier,Update_Constant_Value,Change_Method_Call,Change_Annotation
so-29370316-2-1,gh-4-1-68-88,Delete_UnKnown_Variable_Or_Call,Change_Conditional_Expression
so-11189384-2-1,gh-1-1-38-64
so-60306-0-1,gh-1-1-31-102,Delete_UnKnown_Variable_Or_Call,Close_Stream,Change_Method_Call,Inline_Field,Insert_If_Check,Update_Type
so-60306-0-1,gh-2-1-38-76,Delete_UnKnown_Variable_Or_Call,Change_Method_Call,Change_Conditional_Expression,Insert_If_Check,Change_Access_Modifier
so-60306-0-1,gh-0-1-30-89
so-1271148-2-2,gh-4-6-176-188,Change_Access_Modifier
so-1271148-2-2,gh-10-1-106-118,Change_Access_Modifier
so-16313906-0-1,gh-5-1-63-140,Change_Method_Call,Change_Annotation,Change_Access_Modifier
so-26892658-1-1,gh-0-1-45-83,Insert_Final_Modifier,Change_Curly_Brace,Change_Method_Call,Insert_If_Check,Change_Comment,Update_Type
so-26892658-1-1,gh-4-1-40-75,Change_Access_Modifier,Update_Type
so-22947052-0-1,gh-0-1-264-285,Change_Curly_Brace,Change_Conditional_Expression,Update_Type
so-26823209-0-2,gh-0-1-126-167,Rename,Change_Access_Modifier
so-15196299-0-1,gh-3-1-47-77,Handle_New_Exception,Rename,Insert_Final_Modifier,Change_Curly_Brace,Change_Method_Call,Insert_Delete_Try_Catch,Change_Logging,Change_Comment,Declare_Unknown_Variable,Factor_Out_Constant,Change_Access_Modifier
so-26543290-1-2,gh-3-1-251-272,Insert_Final_Modifier,Change_Method_Call,Change_Access_Modifier
so-7528129-1-1,gh-2-1-105-129,Rename,Update_Constant_Value,Change_Comment,Change_Access_Modifier,Update_Type
so-28453016-2-3,gh-7-1-66-102,Change_Method_Call,Insert_If_Check,Change_Access_Modifier
so-20426634-19-1,gh-6-2-221-295,Rename,Update_Constant_Value,Change_Method_Call,Change_Conditional_Expression
so-20426634-19-1,gh-3-1-162-245,Update_Constant_Value,Change_Method_Call,Change_Conditional_Expression,Change_Access_Modifier
so-20426634-19-1,gh-10-1-545-605,Insert_Final_Modifier,Change_Curly_Brace,Change_Method_Call,Change_Conditional_Expression
so-10383164-0-3,gh-6-1-189-256,Change_Method_Call,Resolve_Local_Method_Call,Insert_If_Check
so-1399432-2-1,gh-0-5-49-67
so-25156708-3-1,gh-1-1-42-81,Change_Method_Call,Change_Conditional_Expression,Change_Logging
so-25156708-3-1,gh-0-1-56-106,Rename,Update_Constant_Value,Change_Method_Call,Change_Conditional_Expression,Change_Logging,Change_Annotation
so-28597278-1-1,gh-0-1-509-556,Change_Curly_Brace,Delete_UnKnown_Variable_Or_Call,Change_Method_Call,Change_Conditional_Expression,Resolve_Local_Method_Call,Change_Access_Modifier
so-9470843-2-2,gh-0-1-274-317,Rename
so-27934594-7-1,gh-1-1-57-88,Handle_New_Exception,Rename,Change_Curly_Brace,Insert_Delete_Try_Catch
so-27934594-7-1,gh-0-1-31-55
so-11201917-2-1,gh-5-1-45-87,Rename,Insert_Final_Modifier,Change_Method_Call,Change_Conditional_Expression
so-10712949-3-1,gh-0-1-66-82,Change_Method_Call
so-11135800-0-2,gh-12-1-346-390,Rename,Delete_UnKnown_Variable_Or_Call,Change_Comment,Change_Access_Modifier
so-11135800-0-2,gh-13-1-427-466,Rename,Delete_UnKnown_Variable_Or_Call,Change_Method_Call,Change_Conditional_Expression,Change_Comment,Change_Access_Modifier
so-21940193-3-1,gh-1-2-260-275,Handle_New_Exception,Rename,Insert_Delete_Thrown_Exception,Change_Method_Call,Factor_Out_Constant,Change_Access_Modifier
so-21940193-3-1,gh-0-2-244-258,Handle_New_Exception,Rename,Insert_Delete_Thrown_Exception,Change_Method_Call,Factor_Out_Constant,Change_Access_Modifier
so-12345118-2-1,gh-0-1-28-52,Update_Type
so-12345118-2-1,gh-1-1-29-53,Update_Constant_Value,Change_Method_Call,Update_Type
so-24017605-3-1,gh-1-1-77-146,Insert_Final_Modifier,Change_Method_Call,Change_Conditional_Expression
so-559781-1-6,gh-0-1-49-77
so-5552950-6-1,gh-9-1-15-55,Rename,Update_Constant_Value,Change_Method_Call,Change_Comment,Change_Annotation,Update_Type,Change_Access_Modifier
so-16909994-7-2,gh-0-2-121-189,Rename,Insert_If_Check,Declare_Unknown_Variable
so-16909994-7-2,gh-1-1-77-132
so-4114507-0-1,gh-1-2-4-43,Change_Comment,Change_Access_Modifier
so-21851201-14-1,gh-1-1-137-158,Change_Method_Call,Insert_If_Check
so-21851201-14-1,gh-0-1-146-160
so-7943310-23-1,gh-6-2-221-295,Delete_UnKnown_Variable_Or_Call,Change_Method_Call,Change_Conditional_Expression,Inline_Field,Insert_If_Check
so-7943310-23-1,gh-3-1-162-245,Delete_UnKnown_Variable_Or_Call,Change_Method_Call,Change_Conditional_Expression,Insert_If_Check,Change_Access_Modifier
so-7943310-23-1,gh-10-1-545-605,Insert_Final_Modifier,Delete_UnKnown_Variable_Or_Call,Change_Conditional_Expression
so-5062810-0-1,gh-0-1-252-292,Rename,Change_Curly_Brace,Update_Constant_Value,Change_Method_Call,Change_Comment
so-12516582-0-1,gh-0-1-41-87,Change_Method_Call,Insert_If_Check,Change_Annotation,Change_Access_Modifier
so-19183452-1-1,gh-0-1-33-57
so-14411695-0-1,gh-1-1-133-160,Handle_New_Exception,Change_Method_Call,Insert_If_Check,Insert_Delete_Try_Catch,Change_Comment,Change_Finally,Change_Access_Modifier
so-14411695-0-1,gh-9-1-60-85,Handle_New_Exception,Rename,Update_Constant_Value,Change_Method_Call,Update_Exception_Type,Insert_Delete_Try_Catch,Change_Comment,Change_Finally,Change_Access_Modifier,Update_Type
so-25251120-0-1,gh-4-1-26-51,Change_Method_Call,Insert_If_Check,Change_Comment
so-7528129-38-1,gh-11-1-614-640,Rename,Update_Constant_Value,Delete_UnKnown_Variable_Or_Call,Factor_Out_Constant
so-7528129-38-1,gh-10-1-585-612,Factor_Out_Constant
so-7528129-38-1,gh-12-1-642-670,Rename,Update_Constant_Value,Delete_UnKnown_Variable_Or_Call,Change_Method_Call
so-8912994-1-2,gh-1-1-8-38,Change_Method_Call,Insert_If_Check,Change_Comment,Update_Type
so-4588005-2-1,gh-0-2-89-103
so-12347567-0-1,gh-5-1-137-177,Rename,Change_Method_Call,Resolve_Local_Method_Call,Insert_If_Check,Update_Type
so-17782522-17-4,gh-5-1-214-250,Change_Method_Call
so-6121753-0-1,gh-1-1-35-157,Change_Comment,Change_Annotation,Change_Access_Modifier
so-5552950-2-1,gh-2-1-56-94,Rename,Update_Constant_Value,Change_Method_Call,Inline_Field,Change_Comment
so-5552950-2-1,gh-15-1-15-55,Change_Comment,Change_Access_Modifier
so-5552950-2-1,gh-11-2-39-72,Rename,Change_Catch_Block,Update_Constant_Value,Change_Method_Call,Change_Logging,Change_Comment,Change_Annotation,Update_Type
so-9096241-5-1,gh-0-2-275-311,Insert_If_Check,Change_Logging
so-5106419-0-1,gh-0-1-27-74,Handle_New_Exception,Rename,Change_Catch_Block,Update_Constant_Value,Change_Method_Call,Update_Exception_Type,Change_Logging,Change_Comment,Factor_Out_Constant,Change_Access_Modifier,Update_Type
so-27429926-2-1,gh-0-1-31-61,Rename,Change_Curly_Brace,Delete_UnKnown_Variable_Or_Call,Change_Method_Call,Change_Conditional_Expression
so-5343940-0-1,gh-2-1-20-39,Rename,Change_Method_Call,Change_Access_Modifier,Update_Type
so-20905824-1-2,gh-2-1-46-68,Update_Type
so-20905824-1-2,gh-5-1-55-75,Update_Type
so-20905824-1-2,gh-1-1-78-100,Update_Type
so-3777116-0-1,gh-0-1-50-85,Rename,Insert_Final_Modifier,Change_Method_Call,Change_Logging,Change_Comment,Update_Type,Change_Access_Modifier
so-7785771-2-1,gh-0-1-37-70,Change_Catch_Block,Rename,Change_Method_Call,Change_Annotation,Change_Access_Modifier
so-26764085-2-1,gh-0-1-63-84
so-18637703-1-1,gh-2-1-55-77
so-14734310-0-1,gh-1-1-79-104,Rename,Delete_UnKnown_Variable_Or_Call,Change_Method_Call,Change_Annotation,Update_Type
so-12795851-0-4,gh-6-1-15-28,Insert_Final_Modifier,Change_Curly_Brace,Change_Conditional_Expression
so-5598207-9-1,gh-0-1-284-318,Change_Catch_Block,Insert_Final_Modifier,Delete_UnKnown_Variable_Or_Call,Change_Method_Call,Change_Conditional_Expression,Change_Logging
so-11854901-11-1,gh-5-1-341-363,Rename,Update_Constant_Value,Delete_UnKnown_Variable_Or_Call,Change_Method_Call,Update_Type
so-11854901-11-1,gh-4-1-304-330,Change_Method_Call,Insert_If_Check,Update_Type
so-11854901-11-1,gh-6-1-317-339,Change_Method_Call
so-14167008-13-1,gh-1-1-214-252,Change_Method_Call,Insert_If_Check
so-14167008-13-1,gh-0-4-186-214
so-1059731-0-1,gh-12-1-10-20,Rename,Declare_Unknown_Variable
so-24017605-1-1,gh-0-1-28-39,Insert_Final_Modifier,Change_Method_Call,Resolve_Local_Method_Call
so-22506133-0-1,gh-0-1-45-81,Rename,Change_Catch_Block,Change_Logging,Change_Access_Modifier
so-4518502-6-1,gh-1-1-90-108,Rename,Change_Catch_Block,Insert_If_Check,Change_Access_Modifier
so-16984117-1-3,gh-3-1-1317-1334,Change_Access_Modifier
so-2197650-0-2,gh-10-2-52-70,Rename,Update_Constant_Value,Insert_If_Check
so-2197650-0-2,gh-15-1-10-20,Rename
so-19542614-0-1,gh-29-1-68-108,Handle_New_Exception,Rename,Insert_Delete_Thrown_Exception,Update_Constant_Value,Insert_Delete_Try_Catch,Change_Comment,Change_Annotation,Change_Access_Modifier,Update_Type
so-27455330-2-4,gh-0-2-106-131,Change_Annotation,Update_Type
so-31512017-5-1,gh-0-1-219-265,Rename,Change_Curly_Brace,Change_Method_Call,Change_Conditional_Expression,Update_Type
so-31512017-5-1,gh-1-1-231-284,Rename,Update_Constant_Value,Change_Method_Call,Change_Conditional_Expression
so-24012023-1-1,gh-2-1-28-46
so-24012023-1-1,gh-3-2-165-178,Change_Method_Call,Change_Access_Modifier
so-12066696-0-1,gh-2-1-84-97,Handle_New_Exception,Rename,Insert_Delete_Try_Catch,Update_Type,Change_Access_Modifier
so-16852314-0-3,gh-0-1-230-262,Rename,Update_Constant_Value,Change_Method_Call,Inline_Field,Change_Comment
so-17369948-0-1,gh-0-1-187-289,Change_Method_Call,Change_Comment
so-17369948-0-1,gh-1-1-4561-4651,Rename,Insert_Final_Modifier,Change_Method_Call,Change_Comment,Factor_Out_Constant,Change_Annotation,Change_Access_Modifier
so-17369948-0-1,gh-6-1-67-166,Rename,Change_Comment
so-17369948-0-1,gh-3-1-141-247,Change_Method_Call,Insert_If_Check,Change_Comment
so-17369948-0-1,gh-4-1-192-299,Change_Curly_Brace,Change_Comment,Change_Access_Modifier
so-17369948-0-1,gh-7-1-203-303,Change_Method_Call,Change_Comment,Update_Type
so-2920419-3-1,gh-1-1-54-103,Change_Curly_Brace,Update_Constant_Value,Delete_UnKnown_Variable_Or_Call,Change_Method_Call,Change_Conditional_Expression,Inline_Field,Change_Comment,Factor_Out_Constant
so-12193485-6-1,gh-4-2-102-123,Rename,Change_Method_Call
so-1248709-9-1,gh-0-1-58-92,Change_Method_Call
so-27509727-2-2,gh-6-1-68-88,Change_Method_Call,Change_Conditional_Expression
so-9290723-1-1,gh-3-1-55-77
so-7201825-0-1,gh-1-1-19-57,Rename,Change_Comment,Change_Access_Modifier
so-7201825-0-1,gh-8-1-75-109,Change_Annotation,Change_Access_Modifier
so-7201825-0-1,gh-13-1-163-201,Rename,Change_Comment,Change_Annotation,Change_Access_Modifier
so-7201825-0-1,gh-9-1-73-111,Rename,Change_Access_Modifier
so-7201825-0-1,gh-12-1-29-61,Change_Access_Modifier
so-7201825-0-1,gh-7-1-104-137,Change_Access_Modifier
so-7201825-0-1,gh-15-1-647-679,Change_Access_Modifier
so-7201825-0-1,gh-5-1-18-57,Change_Catch_Block,Insert_Final_Modifier,Change_Method_Call,Change_Comment,Change_Access_Modifier
so-11201917-3-1,gh-5-2-102-123,Rename,Insert_Final_Modifier,Change_Method_Call
so-2295004-0-1,gh-0-1-8-40,Rename,Update_Constant_Value,Change_Method_Call,Change_Logging,Change_Comment,Update_Type
so-12899426-0-2,gh-5-1-120-155,Change_Catch_Block,Change_Logging,Change_Comment
so-27455330-1-2,gh-1-1-323-378,Rename,Update_Constant_Value,Change_Method_Call,Change_Comment,Change_Annotation,Change_Access_Modifier
so-25009636-1-1,gh-0-2-63-83,Change_Curly_Brace
so-23931483-0-1,gh-3-2-138-169,Insert_Final_Modifier,Change_Method_Call,Insert_If_Check
so-23931483-0-1,gh-2-2-171-201,Rename,Insert_Final_Modifier,Change_Method_Call,Change_Conditional_Expression
so-32366476-11-2,gh-0-1-28-120,Change_Method_Call,Insert_If_Check,Change_Annotation,Change_Access_Modifier
so-22914268-0-1,gh-0-2-22-154
so-11367825-1-1,gh-1-2-91-111,Update_Constant_Value,Change_Method_Call,Insert_If_Check,Update_Type
so-21780449-0-1,gh-0-1-36-63,Handle_New_Exception,Rename,Insert_Delete_Thrown_Exception,Change_Access_Modifier
so-11187462-5-1,gh-2-2-88-123
so-30572151-3-1,gh-31-1-29-61,Rename,Update_Constant_Value,Change_Conditional_Expression,Inline_Field
so-25462286-2-1,gh-3-1-82-99,Rename
so-25462286-2-1,gh-7-1-81-99,Change_Annotation,Change_Access_Modifier,Update_Type
so-25462286-2-1,gh-2-6-82-101
so-25462286-2-1,gh-0-1-89-116,Change_Curly_Brace,Change_Method_Call,Change_Annotation,Change_Access_Modifier,Update_Type
so-6393502-23-1,gh-3-2-32-54,Rename,Update_Constant_Value,Change_Method_Call,Insert_If_Check,Change_Comment,Declare_Unknown_Variable,Change_Access_Modifier
so-6393502-23-1,gh-7-1-209-222,Change_Method_Call
so-6393502-23-1,gh-16-1-165-178,Rename,Update_Constant_Value,Change_Method_Call
so-6393502-23-1,gh-13-1-323-336,Rename,Update_Constant_Value,Change_Method_Call
so-6393502-23-1,gh-2-2-56-73,Rename,Change_Method_Call,Insert_If_Check,Declare_Unknown_Variable,Change_Access_Modifier
so-6393502-23-1,gh-17-1-180-192,Rename,Change_Method_Call
so-6393502-23-1,gh-6-1-182-197,Rename,Update_Constant_Value,Change_Method_Call
so-30625572-0-1,gh-17-1-188-202,Update_Constant_Value,Change_Method_Call
so-30625572-0-1,gh-7-1-236-251,Change_Logging
so-9096241-10-1,gh-0-2-357-402,Change_Catch_Block,Insert_If_Check,Change_Logging
so-28563428-1-1,gh-7-1-18-66,Rename,Change_Method_Call,Insert_If_Check
so-6249969-1-3,gh-1-1-73-82,Change_Method_Call,Update_Type
so-16590535-0-1,gh-15-1-130-154,Change_Method_Call,Change_Conditional_Expression,Change_Comment,Change_Access_Modifier
so-11532921-5-1,gh-1-1-42-81
so-11532921-5-1,gh-0-1-56-106,Rename,Change_Method_Call,Change_Conditional_Expression,Change_Logging,Change_Annotation
so-20670-1-1,gh-6-1-362-404,Handle_New_Exception,Rename,Insert_Delete_Thrown_Exception,Update_Constant_Value,Change_Method_Call,Insert_Delete_Try_Catch,Change_Comment,Update_Type,Change_Access_Modifier
so-876785-0-2,gh-27-1-570-592,Rename,Change_Method_Call,Inline_Field,Change_Comment,Change_Annotation,Change_Access_Modifier
so-22506133-1-3,gh-1-2-83-101,Change_Access_Modifier
so-14364233-0-1,gh-1-1-39-65,Change_Method_Call,Change_Logging,Change_Comment,Update_Type,Change_Access_Modifier
so-6702029-0-2,gh-12-2-57-89,Change_Curly_Brace,Change_Comment
so-6702029-0-2,gh-0-2-778-810,Change_Curly_Brace,Change_Comment,Update_Type
so-6702029-0-2,gh-8-1-40-78,Handle_New_Exception,Rename,Change_Curly_Brace,Insert_Delete_Try_Catch,Change_Comment,Update_Type
so-6702029-0-2,gh-9-1-26-57,Rename,Insert_Final_Modifier,Change_Curly_Brace,Change_Comment
so-6702029-0-2,gh-18-1-129-162,Rename,Change_Method_Call,Insert_If_Check,Change_Comment
so-6702029-0-2,gh-28-1-85-100,Change_Comment,Update_Type,Change_Access_Modifier
so-6702029-0-2,gh-24-1-126-144,Rename,Change_Method_Call,Change_Comment
so-6702029-0-2,gh-11-1-195-231,Change_Curly_Brace,Update_Type,Change_Access_Modifier
so-4057470-1-1,gh-6-1-546-584,Rename,Change_Curly_Brace,Change_Conditional_Expression,Change_Comment
so-4057470-1-1,gh-2-3-78-121,Change_Method_Call,Change_Conditional_Expression,Insert_If_Check,Insert_Delete_Try_Catch
so-4057470-1-1,gh-0-1-122-156,Change_Method_Call,Change_Conditional_Expression,Insert_If_Check,Insert_Delete_Try_Catch,Update_Type
so-17634728-4-1,gh-1-1-33-58,Change_Method_Call,Change_Logging
so-17634728-4-1,gh-0-1-30-58,Change_Method_Call,Change_Logging,Change_Access_Modifier
so-17634728-4-1,gh-2-1-29-58,Change_Method_Call,Change_Logging,Change_Access_Modifier
so-10515424-0-1,gh-0-1-29-64,Rename,Update_Constant_Value,Change_Method_Call,Insert_If_Check,Change_Logging,Update_Type
so-36321828-0-1,gh-0-1-43-63,Inline_Field
so-4843247-0-2,gh-2-1-42-70,Insert_Final_Modifier,Change_Curly_Brace,Update_Constant_Value,Update_Type
so-2773496-2-1,gh-0-1-79-101,Change_Method_Call,Change_Conditional_Expression
so-2773496-2-1,gh-2-1-71-102,Rename,Change_Method_Call,Change_Conditional_Expression,Insert_If_Check,Update_Type
so-26826692-2-4,gh-3-3-23-46
so-13381228-0-2,gh-3-2-138-169,Rename,Insert_Final_Modifier,Update_Constant_Value,Change_Method_Call,Insert_If_Check,Change_Access_Modifier
so-13381228-0-2,gh-2-2-171-201,Rename,Insert_Final_Modifier,Change_Method_Call,Change_Conditional_Expression,Change_Access_Modifier
so-25462286-16-1,gh-3-11-136-151,Rename,Change_Method_Call
so-25462286-16-1,gh-4-2-45-58,Rename
so-14167008-11-1,gh-4-1-184-212,Rename,Change_Curly_Brace,Update_Constant_Value,Change_Method_Call,Change_Conditional_Expression
so-14167008-11-1,gh-0-4-140-161
so-14167008-11-1,gh-5-1-154-182,Change_Method_Call,Insert_If_Check
so-14167008-11-1,gh-1-4-163-184,Rename,Update_Constant_Value
so-7099022-0-1,gh-0-1-19-47,Handle_New_Exception,Update_Constant_Value,Change_Method_Call,Insert_Delete_Try_Catch,Change_Logging,Factor_Out_Constant,Update_Type,Change_Access_Modifier
so-1040503-2-1,gh-1-1-59-85,Change_Curly_Brace,Delete_UnKnown_Variable_Or_Call,Change_Method_Call,Change_Conditional_Expression
so-28283704-0-1,gh-0-1-196-249,Handle_New_Exception,Change_Method_Call,Change_Conditional_Expression,Insert_Delete_Try_Catch
so-28067366-8-1,gh-34-2-42-83,Update_Type
so-4302199-1-4,gh-1-1-54-79,Change_Curly_Brace,Update_Type
so-3427169-2-1,gh-0-7-77-165,Change_Annotation
so-3427169-2-1,gh-3-2-53-140
so-8949913-2-1,gh-0-1-324-342,Rename,Change_Method_Call
so-12675430-5-1,gh-0-2-26-75
so-6446631-9-1,gh-1-1-109-136
so-4298836-1-1,gh-4-1-331-349
so-3913417-2-1,gh-0-1-103-144,Rename,Change_Curly_Brace,Change_Comment
so-17782522-19-4,gh-3-1-259-273,Change_Method_Call
so-2240367-0-1,gh-0-1-42-78,Rename,Change_Method_Call,Change_Logging
so-9073310-0-1,gh-2-1-78-125,Rename,Change_Logging,Update_Type
so-33711983-7-1,gh-0-1-231-284,Rename,Update_Constant_Value,Change_Method_Call,Change_Conditional_Expression
so-6472872-2-2,gh-17-1-14-57,Close_Stream,Change_Method_Call,Change_Access_Modifier
so-4057470-2-1,gh-2-1-586-606,Rename,Change_Curly_Brace,Delete_UnKnown_Variable_Or_Call
so-6162687-1-1,gh-1-1-329-356,Change_Comment,Update_Type,Change_Access_Modifier
so-6162687-1-1,gh-2-1-45-71,Change_Curly_Brace,Change_Access_Modifier
so-16079276-0-1,gh-2-1-30-87,Delete_UnKnown_Variable_Or_Call,Change_Logging,Change_Comment
so-20093695-1-1,gh-1-1-114-138,Rename,Delete_UnKnown_Variable_Or_Call,Change_Method_Call,Change_Conditional_Expression,Change_Logging,Factor_Out_Constant
so-20559175-0-9,gh-66-1-286-357,Change_Annotation,Change_Access_Modifier
so-20559175-0-9,gh-33-1-19-89,Rename,Change_Annotation
so-20559175-0-9,gh-15-1-60-105,Rename,Change_Method_Call,Change_Conditional_Expression,Change_Comment,Change_Annotation,Change_Access_Modifier
so-20559175-0-9,gh-72-5-451-533,Change_Method_Call,Insert_If_Check,Change_Comment,Change_Annotation
so-7967182-0-2,gh-5-1-888-916,Rename,Change_Method_Call,Resolve_Local_Method_Call,Insert_If_Check,Change_Logging,Factor_Out_Constant,Change_Access_Modifier
so-10028267-0-4,gh-54-1-60-271,Rename,Change_Method_Call,Change_Comment,Change_Access_Modifier,Update_Type
so-10028267-0-4,gh-25-1-134-367,Change_Method_Call,Change_Logging,Change_Comment
so-17839597-1-8,gh-29-1-188-212,Insert_If_Check,Change_Logging
so-11854901-8-1,gh-3-1-270-283,Change_Method_Call
so-11854901-8-1,gh-5-1-302-315,Rename,Change_Method_Call,Update_Type
so-11854901-8-1,gh-6-1-281-293,Change_Method_Call
so-11854901-8-1,gh-4-1-371-378,Rename,Change_Method_Call,Change_Conditional_Expression,Update_Type
so-26764085-1-1,gh-0-1-35-61,Change_Access_Modifier
so-15930912-5-2,gh-0-1-328-342
so-6593661-0-1,gh-4-1-10-28,Rename,Change_Method_Call,Change_Conditional_Expression,Change_Comment,Update_Type
so-16992751-1-2,gh-0-1-43-68,Handle_New_Exception,Change_Method_Call,Change_Conditional_Expression,Insert_Delete_Try_Catch
so-26440076-0-1,gh-5-1-263-293,Rename,Change_Curly_Brace,Update_Constant_Value,Change_Method_Call,Change_Conditional_Expression,Insert_If_Check,Change_Logging,Change_Access_Modifier
so-25020642-0-1,gh-1-1-24-61,Insert_Final_Modifier,Close_Stream,Change_Method_Call,Insert_If_Check
so-25020642-0-1,gh-0-1-14-31
so-11024200-2-1,gh-7-1-34-51,Rename,Insert_Final_Modifier
so-11024200-2-1,gh-0-11-19-36
so-11024200-2-1,gh-6-1-132-148,Rename,Update_Constant_Value,Change_Method_Call,Update_Type
so-7263116-0-1,gh-28-1-41-60,Rename,Change_Method_Call,Update_Type,Change_Access_Modifier
so-7263116-0-1,gh-20-1-11-34,Rename,Insert_Final_Modifier,Change_Method_Call,Change_Comment,Change_Annotation,Update_Type,Change_Access_Modifier
so-7263116-0-1,gh-29-1-20-39,Rename,Change_Method_Call,Update_Type,Change_Access_Modifier
so-13007325-3-8,gh-5-1-88-125,Handle_New_Exception,Insert_Delete_Thrown_Exception,Change_Method_Call,Insert_If_Check,Insert_Delete_Try_Catch,Change_Comment,Change_Annotation
so-13007325-3-8,gh-4-1-44-82,Handle_New_Exception,Change_Method_Call,Insert_If_Check,Update_Exception_Type,Change_Comment,Change_Annotation,Update_Type
so-37816976-3-1,gh-0-1-32-85,Change_Method_Call
so-35532028-17-1,gh-4-1-341-363,Rename,Change_Curly_Brace,Delete_UnKnown_Variable_Or_Call,Change_Method_Call
so-15323079-4-1,gh-0-2-31-56,Update_Constant_Value,Change_Method_Call,Change_Conditional_Expression,Inline_Field,Change_Comment
so-6163701-15-4,gh-3-1-371-378,Change_Method_Call
so-31512017-4-1,gh-0-1-204-229,Change_Method_Call,Change_Conditional_Expression,Insert_If_Check,Declare_Unknown_Variable,Change_Access_Modifier
so-755151-4-1,gh-0-1-81-93
so-19311197-1-3,gh-15-1-363-383,Update_Constant_Value,Change_Method_Call,Change_Comment
so-24539704-0-1,gh-2-1-110-148,Update_Type
so-4843247-1-2,gh-2-1-89-141,Insert_Final_Modifier,Change_Curly_Brace,Insert_If_Check,Update_Type,Change_Access_Modifier
so-4843247-1-2,gh-1-1-72-116,Update_Type
so-16652683-0-1,gh-2-3-103-160,Change_Comment
so-29370316-1-1,gh-7-1-18-66,Rename,Change_Method_Call,Change_Conditional_Expression,Factor_Out_Constant
so-560958-3-1,gh-3-1-45-87,Update_Constant_Value,Change_Method_Call
so-21385150-2-1,gh-0-1-57-71,Change_Comment,Change_Access_Modifier
so-2773496-1-1,gh-0-1-49-77,Change_Curly_Brace,Change_Method_Call,Change_Conditional_Expression
so-11786924-1-1,gh-1-1-133-175,Handle_New_Exception,Rename,Change_Method_Call,Inline_Field,Update_Exception_Type,Change_Logging,Update_Type
so-21940193-4-1,gh-0-2-260-275,Handle_New_Exception,Rename,Insert_Delete_Thrown_Exception,Change_Method_Call,Factor_Out_Constant,Change_Access_Modifier
so-27616854-2-6,gh-6-1-68-88,Change_Method_Call,Change_Conditional_Expression
so-16018517-0-1,gh-1-1-13-32,Rename,Insert_Final_Modifier,Update_Constant_Value,Change_Method_Call,Change_Comment,Change_Annotation,Update_Type,Change_Access_Modifier
so-1497614-5-1,gh-8-1-100-197,Change_Method_Call,Change_Conditional_Expression
so-7322581-0-1,gh-1-1-1086-1120,Handle_New_Exception,Rename,Change_Curly_Brace,Change_Method_Call,Change_Conditional_Expression,Update_Exception_Type,Insert_Delete_Try_Catch,Change_Finally,Change_Access_Modifier,Update_Type
so-1069124-1-1,gh-0-2-86-105,Change_Comment,Change_Access_Modifier
so-14871974-0-1,gh-0-1-39-68,Rename,Change_Method_Call,Insert_If_Check,Change_Comment,Change_Annotation,Change_Access_Modifier,Update_Type
so-14871974-0-1,gh-1-1-42-71,Rename,Change_Method_Call,Insert_If_Check,Change_Comment,Change_Access_Modifier,Update_Type
so-13308996-4-1,gh-2-2-79-134,Change_Curly_Brace,Delete_UnKnown_Variable_Or_Call,Change_Method_Call,Change_Annotation,Update_Type
so-14422947-0-1,gh-0-1-25-88,Change_Method_Call,Change_Conditional_Expression,Insert_If_Check
so-11854901-10-1,gh-2-1-292-302,Change_Method_Call
so-11854901-10-1,gh-3-1-302-315,Change_Method_Call
so-11854901-10-1,gh-4-1-281-293,Rename,Change_Method_Call,Update_Type
so-4057470-0-1,gh-1-1-514-544,Rename,Change_Curly_Brace,Delete_UnKnown_Variable_Or_Call,Change_Comment
so-4846511-0-1,gh-20-1-25-51,Rename,Change_Catch_Block,Change_Method_Call,Change_Logging,Change_Comment
so-17301696-0-1,gh-1-1-24-46,Rename,Change_Method_Call,Change_Access_Modifier
so-5054673-0-1,gh-0-1-527-554,Rename,Update_Constant_Value,Delete_UnKnown_Variable_Or_Call,Change_Method_Call,Change_Access_Modifier
so-11854901-14-1,gh-3-1-371-378,Change_Method_Call
so-11854901-14-1,gh-4-1-281-293,Rename,Change_Method_Call,Insert_If_Check,Update_Type
so-3348150-1-1,gh-1-1-36-56,Change_Method_Call,Insert_If_Check
so-3348150-1-1,gh-2-1-56-88,Change_Method_Call,Change_Conditional_Expression,Change_Comment,Change_Access_Modifier
so-6228188-1-2,gh-2-1-116-156,Rename,Insert_Delete_Thrown_Exception,Change_Method_Call,Resolve_Local_Method_Call,Inline_Field,Insert_If_Check,Change_Access_Modifier
so-5552950-4-1,gh-1-1-56-94,Rename,Update_Constant_Value,Change_Method_Call,Inline_Field,Change_Comment,Update_Type
so-5552950-4-1,gh-10-2-39-72,Rename,Change_Catch_Block,Update_Constant_Value,Change_Method_Call,Change_Logging,Change_Comment,Change_Annotation,Update_Type
so-5552950-4-1,gh-14-1-15-55,Rename,Update_Constant_Value,Change_Comment,Update_Type,Change_Access_Modifier
so-2826123-0-1,gh-2-1-131-144,Change_Access_Modifier,Update_Type
so-2826123-0-1,gh-0-1-191-203
so-6163701-5-5,gh-1-1-170-195,Change_Method_Call,Change_Comment
so-6163701-5-5,gh-2-1-181-206,Change_Method_Call,Change_Comment,Factor_Out_Constant
so-5243978-2-1,gh-2-1-64-116,Change_Conditional_Expression,Insert_If_Check,Change_Comment
so-5243978-2-1,gh-1-1-89-125
so-5243978-2-1,gh-5-1-56-107,Change_Method_Call,Change_Conditional_Expression,Insert_If_Check,Change_Comment
so-13986063-13-4,gh-1-1-161-188,Insert_If_Check
so-2253280-5-1,gh-2-2-74-118,Update_Constant_Value
so-9403438-8-1,gh-0-1-145-201,Handle_New_Exception,Rename,Change_Conditional_Expression,Update_Exception_Type,Factor_Out_Constant,Update_Type
so-34561726-0-1,gh-0-1-36-46
so-5552950-1-1,gh-2-1-56-94,Rename
so-5552950-1-1,gh-15-1-15-55,Update_Constant_Value,Change_Method_Call,Change_Comment,Factor_Out_Constant,Change_Access_Modifier
so-5626208-0-4,gh-6-1-18-61,Change_Method_Call
so-5626208-0-4,gh-2-2-30-83
so-5626208-0-4,gh-5-1-18-60,Rename,Update_Type
so-5626208-0-4,gh-0-1-21-67,Rename,Update_Type
so-12338541-0-2,gh-2-1-51-103
so-12338541-0-2,gh-3-1-161-217,Handle_New_Exception,Rename,Change_Method_Call,Insert_Delete_Try_Catch,Change_Logging,Update_Type
so-12338541-0-2,gh-0-1-100-148,Change_Method_Call,Update_Type
so-11139098-0-1,gh-3-1-90-110,Handle_New_Exception,Insert_Delete_Thrown_Exception,Update_Type,Change_Access_Modifier
so-3913417-0-1,gh-0-1-48-75,Rename,Change_Comment
so-24012023-2-1,gh-2-1-48-62
so-32383118-0-1,gh-1-2-273-300,Change_Method_Call,Change_Comment,Factor_Out_Constant,Change_Annotation
so-9435260-0-1,gh-6-1-59-139,Rename,Change_Method_Call,Change_Conditional_Expression,Change_Access_Modifier
so-7528129-40-1,gh-10-1-614-640,Rename,Update_Constant_Value,Delete_UnKnown_Variable_Or_Call,Change_Method_Call
so-7528129-40-1,gh-11-1-642-670,Change_Method_Call,Factor_Out_Constant
so-7528129-40-1,gh-9-1-585-612,Rename,Update_Constant_Value,Delete_UnKnown_Variable_Or_Call,Change_Method_Call
so-8548926-5-9,gh-3-1-84-144,Change_Conditional_Expression
so-8548926-5-9,gh-4-1-78-144,Update_Constant_Value,Change_Method_Call,Insert_If_Check,Change_Comment,Change_Access_Modifier
so-12081355-0-1,gh-7-1-23-63,Change_Comment,Factor_Out_Constant,Change_Annotation,Change_Access_Modifier,Update_Type
so-4611117-6-2,gh-0-8-87-108
so-23952928-0-1,gh-0-1-592-620,Rename,Change_Catch_Block,Change_Method_Call,Inline_Field,Change_Logging,Update_Type
so-14167008-8-1,gh-3-1-139-176,Change_Method_Call
so-14167008-8-1,gh-0-3-98-134
so-14167008-8-1,gh-1-1-101-142,Change_Method_Call,Insert_If_Check
so-3493746-0-1,gh-8-2-263-276,Rename,Update_Constant_Value,Change_Method_Call,Change_Conditional_Expression,Insert_If_Check
so-3493746-0-1,gh-12-2-78-91,Update_Constant_Value,Change_Method_Call,Change_Conditional_Expression,Change_Comment
so-17246463-0-1,gh-13-1-252-285
so-8003222-10-1,gh-0-1-399-430,Change_Comment,Update_Type
so-1650442-0-1,gh-0-1-37-66,Rename,Change_Method_Call,Change_Comment
so-16599549-0-1,gh-0-1-509-556,Change_Curly_Brace,Change_Method_Call,Change_Conditional_Expression,Declare_Unknown_Variable,Change_Access_Modifier
so-4837230-3-3,gh-29-1-307-344,Change_Method_Call,Insert_If_Check,Update_Type,Change_Access_Modifier
so-4837230-3-3,gh-27-1-309-346,Change_Method_Call,Insert_If_Check,Update_Type,Change_Access_Modifier
so-4837230-3-3,gh-15-1-35-58,Rename,Change_Access_Modifier,Update_Type
so-4837230-3-3,gh-23-1-125-156,Rename,Change_Method_Call,Insert_If_Check,Change_Comment,Update_Type,Change_Access_Modifier
so-10752748-0-1,gh-0-1-56-84
so-15054131-0-2,gh-3-1-72-89,Update_Constant_Value,Change_Method_Call,Update_Type
so-6193434-17-1,gh-8-1-279-330,Change_Curly_Brace,Change_Method_Call,Insert_If_Check
so-6193434-17-1,gh-11-1-266-307,Change_Method_Call
so-6193434-17-1,gh-7-1-284-326,Change_Method_Call
so-4463535-0-2,gh-3-3-78-89,Change_Method_Call,Change_Access_Modifier
so-4463535-0-2,gh-5-1-325-339,Insert_Final_Modifier,Change_Method_Call,Change_Comment
so-2258147-1-3,gh-3-1-297-323,Change_Method_Call,Change_Conditional_Expression,Change_Comment,Change_Annotation
so-7528129-39-1,gh-11-1-614-640,Factor_Out_Constant
so-7528129-39-1,gh-10-1-585-612,Rename,Update_Constant_Value,Delete_UnKnown_Variable_Or_Call,Factor_Out_Constant
so-7528129-39-1,gh-12-1-642-670,Rename,Update_Constant_Value,Delete_UnKnown_Variable_Or_Call,Change_Method_Call
so-13826145-0-2,gh-0-1-654-692,Change_Catch_Block,Update_Constant_Value,Change_Method_Call,Change_Logging,Change_Comment
so-25228492-0-1,gh-6-1-32-46,Rename,Change_Comment,Update_Type
so-21051758-1-3,gh-4-1-185-203,Rename,Change_Method_Call
so-21051758-1-3,gh-1-2-273-300,Rename,Change_Method_Call,Change_Comment,Change_Annotation
so-13895077-0-1,gh-0-1-349-374,Rename,Change_Comment
so-28313620-0-1,gh-0-1-664-709,Rename,Update_Constant_Value,Change_Method_Call,Change_Comment
so-5370481-5-1,gh-0-1-33-61
so-496849-0-1,gh-3-1-155-177,Rename,Change_Method_Call,Change_Comment,Change_Annotation
so-496849-0-1,gh-4-1-63-78,Rename
so-496849-0-1,gh-7-1-58-82,Handle_New_Exception,Rename,Insert_Delete_Thrown_Exception,Change_Method_Call,Insert_Delete_Try_Catch,Change_Comment,Change_Annotation,Update_Type,Change_Access_Modifier
so-496849-0-1,gh-8-1-25-56,Handle_New_Exception,Rename,Insert_Delete_Thrown_Exception,Change_Method_Call,Insert_If_Check,Insert_Delete_Try_Catch,Change_Comment,Change_Annotation,Update_Type,Change_Access_Modifier
so-4245881-0-1,gh-0-3-127-156,Change_Catch_Block,Change_Method_Call,Change_Access_Modifier
so-15060411-0-1,gh-0-1-103-127,Handle_New_Exception,Rename,Change_Catch_Block,Change_Method_Call,Update_Exception_Type,Change_Logging,Change_Comment,Change_Annotation,Change_Access_Modifier,Update_Type
so-15060411-0-1,gh-3-1-323-345,Rename,Change_Method_Call,Insert_Delete_Try_Catch,Change_Logging
so-25151865-0-1,gh-1-1-365-400,Rename,Close_Stream,Change_Method_Call,Insert_If_Check,Change_Annotation,Change_Access_Modifier
so-18061610-3-5,gh-1-1-43-56,Insert_Final_Modifier,Change_Curly_Brace,Update_Constant_Value,Change_Method_Call,Change_Conditional_Expression,Update_Exception_Type,Update_Type
so-1835529-3-1,gh-1-1-121-196,Rename
so-1835529-3-1,gh-4-1-66-127,Rename,Change_Curly_Brace,Change_Comment
so-1835529-3-1,gh-2-1-99-148,Rename,Insert_Final_Modifier,Change_Curly_Brace,Change_Method_Call,Insert_If_Check,Change_Comment
so-15537470-0-3,gh-11-1-19-40,Rename,Update_Constant_Value,Change_Method_Call,Change_Conditional_Expression
so-11171509-0-1,gh-0-3-9-23,Change_Method_Call,Declare_Unknown_Variable,Update_Type,Change_Access_Modifier
so-435579-0-2,gh-31-1-61-100,Handle_New_Exception,Rename,Change_Method_Call,Insert_Delete_Try_Catch,Change_Comment
so-435579-0-2,gh-17-1-56-90,Inline_Field,Change_Comment
so-28726882-0-1,gh-1-1-54-82,Change_Catch_Block,Insert_Final_Modifier,Update_Constant_Value,Change_Method_Call,Insert_If_Check,Update_Type,Change_Access_Modifier
so-9087074-1-1,gh-0-1-86-142,Change_Method_Call
so-4937713-3-3,gh-0-1-92-113
so-4937713-3-3,gh-1-1-88-111
so-10034633-6-1,gh-0-2-45-73
so-22445878-0-1,gh-4-1-39-52,Rename,Change_Method_Call,Change_Logging,Factor_Out_Constant
so-22608885-0-1,gh-0-1-126-162
so-6465703-0-1,gh-0-1-25-58,Rename,Update_Constant_Value,Change_Logging
so-12267248-0-3,gh-35-1-67-108,Change_Method_Call
so-23012028-0-1,gh-3-1-461-480,Insert_Final_Modifier
so-26889653-1-1,gh-0-1-41-61,Update_Constant_Value,Change_Conditional_Expression
so-10032289-1-1,gh-0-1-56-92
so-2368810-1-1,gh-0-1-632-661,Change_Access_Modifier
so-4611117-5-2,gh-1-1-32-80,Rename
so-4611117-5-2,gh-0-6-36-85
so-9470886-16-1,gh-0-1-201-241,Rename,Update_Constant_Value,Change_Method_Call,Change_Conditional_Expression,Update_Type
so-13789526-0-1,gh-0-1-198-251,Rename,Insert_Final_Modifier,Change_Method_Call,Change_Conditional_Expression,Insert_If_Check,Insert_Delete_Try_Catch,Change_Logging,Change_Finally,Change_Access_Modifier
so-21791059-0-1,gh-2-1-65-103,Rename,Change_Method_Call,Change_Comment,Change_Annotation,Change_Access_Modifier
so-21791059-0-1,gh-1-1-78-101,Change_Method_Call,Change_Annotation,Update_Type,Change_Access_Modifier
so-21791059-0-1,gh-0-1-526-552
so-3054692-0-1,gh-9-1-52-144,Insert_Final_Modifier,Change_Method_Call,Insert_If_Check,Change_Comment,Update_Type
so-3054692-0-1,gh-6-1-14-97,Change_Comment
so-3054692-0-1,gh-14-1-15-109,Rename,Insert_Final_Modifier,Change_Method_Call,Insert_If_Check,Change_Comment,Factor_Out_Constant,Change_Annotation,Update_Type
so-3054692-0-1,gh-8-1-80-164,Change_Method_Call,Insert_If_Check,Change_Comment,Update_Type
so-3054692-0-1,gh-15-1-128-217,Handle_New_Exception,Insert_Delete_Thrown_Exception,Update_Constant_Value,Change_Method_Call,Insert_If_Check,Change_Comment,Update_Type
so-29801335-1-1,gh-0-1-57-141
so-12535804-3-1,gh-0-1-19-47
so-35405095-2-1,gh-0-2-26-45
so-29012443-1-1,gh-5-2-263-276,Rename,Change_Method_Call,Change_Conditional_Expression,Insert_If_Check,Update_Type
so-17765520-0-1,gh-4-2-157-175,Rename,Change_Curly_Brace,Change_Method_Call,Change_Conditional_Expression,Inline_Field,Update_Type
so-5179970-1-1,gh-0-1-180-220,Change_Method_Call
so-30701422-1-1,gh-7-1-22-42,Rename
so-25099117-19-1,gh-5-2-221-295,Rename,Update_Constant_Value,Delete_UnKnown_Variable_Or_Call,Change_Method_Call,Change_Conditional_Expression
so-25099117-19-1,gh-3-1-162-245,Update_Constant_Value,Delete_UnKnown_Variable_Or_Call,Change_Method_Call,Change_Conditional_Expression,Change_Access_Modifier
so-32884384-0-1,gh-2-1-71-86,Rename,Change_Curly_Brace,Change_Method_Call,Change_Conditional_Expression
so-27455330-3-2,gh-0-2-106-131,Change_Annotation
so-19943894-0-1,gh-0-1-27-45,Rename,Change_Method_Call
so-9734437-12-2,gh-5-2-227-250,Insert_Final_Modifier
so-9734437-12-2,gh-4-2-252-278,Rename,Insert_Final_Modifier,Change_Method_Call,Change_Conditional_Expression,Insert_If_Check
so-16083135-0-1,gh-1-1-60-79,Rename,Update_Constant_Value,Change_Method_Call,Insert_If_Check,Change_Access_Modifier
so-6393502-22-1,gh-3-2-32-54,Rename,Change_Method_Call,Insert_If_Check,Change_Comment,Declare_Unknown_Variable,Change_Access_Modifier
so-6393502-22-1,gh-7-1-209-222,Rename,Update_Constant_Value,Change_Method_Call
so-6393502-22-1,gh-16-1-165-178,Rename,Change_Method_Call
so-6393502-22-1,gh-13-1-323-336,Rename,Update_Constant_Value,Change_Method_Call
so-6393502-22-1,gh-2-2-56-73,Rename,Update_Constant_Value,Change_Method_Call,Insert_If_Check,Declare_Unknown_Variable,Change_Access_Modifier
so-6393502-22-1,gh-17-1-180-192,Rename,Update_Constant_Value,Change_Method_Call
so-6393502-22-1,gh-6-1-182-197,Change_Method_Call
so-14814245-0-1,gh-1-1-334-433,Rename,Update_Constant_Value,Insert_If_Check,Change_Logging,Change_Comment
so-14194104-5-2,gh-0-1-83-144
so-7161653-1-1,gh-0-1-145-176,Insert_Final_Modifier,Change_Conditional_Expression,Inline_Field,Insert_If_Check,Change_Comment,Declare_Unknown_Variable,Update_Type,Change_Access_Modifier
so-17111204-19-1,gh-6-2-221-295
so-17111204-19-1,gh-3-1-162-245,Change_Method_Call,Resolve_Local_Method_Call,Change_Access_Modifier
so-17111204-19-1,gh-10-1-545-605,Insert_Final_Modifier,Change_Curly_Brace,Change_Method_Call,Change_Conditional_Expression,Resolve_Local_Method_Call
so-6212120-2-1,gh-2-1-49-64
so-14833256-2-1,gh-1-1-48-85,Handle_New_Exception,Change_Catch_Block,Change_Method_Call,Update_Type
so-19063781-2-1,gh-0-3-83-104,Rename
so-26764085-3-1,gh-0-1-86-144
so-28303955-1-4,gh-7-1-18-66,Rename,Change_Method_Call,Change_Conditional_Expression,Insert_If_Check
so-9125512-0-1,gh-0-1-511-542,Rename,Change_Access_Modifier
so-6163701-13-2,gh-5-1-332-357,Update_Constant_Value,Change_Method_Call,Insert_If_Check,Update_Type
so-6163701-13-2,gh-7-1-341-363,Change_Method_Call
so-6163701-13-2,gh-4-1-304-330,Rename,Update_Constant_Value,Change_Method_Call,Insert_If_Check,Update_Type
so-6163701-13-2,gh-6-1-317-339,Rename,Update_Constant_Value,Change_Method_Call,Update_Type
so-22589715-9-1,gh-2-1-292-302,Change_Method_Call
so-22589715-9-1,gh-3-1-302-315,Change_Method_Call
so-2101299-0-1,gh-2-1-485-513,Rename,Change_Curly_Brace,Change_Method_Call,Change_Conditional_Expression,Change_Comment,Update_Type
so-2101299-0-1,gh-3-1-454-483,Change_Curly_Brace,Change_Conditional_Expression,Change_Comment
so-11189384-7-1,gh-1-1-167-245
so-4842390-0-1,gh-0-1-42-87,Rename,Insert_Final_Modifier,Change_Curly_Brace,Change_Comment
so-31512017-0-1,gh-0-1-78-161,Change_Method_Call,Change_Conditional_Expression,Insert_Delete_Try_Catch,Insert_If_Check,Change_Logging,Declare_Unknown_Variable,Change_Access_Modifier
so-31512017-0-1,gh-1-1-79-167,Handle_New_Exception,Rename,Change_Curly_Brace,Change_Method_Call,Change_Conditional_Expression,Insert_Delete_Try_Catch,Insert_If_Check,Change_Logging,Change_Comment,Declare_Unknown_Variable,Update_Type
so-14377185-1-1,gh-4-1-201-225,Rename,Change_Method_Call,Update_Type
so-39036351-1-1,gh-0-1-25-54,Change_Method_Call,Factor_Out_Constant,Update_Type,Change_Access_Modifier
so-39048250-1-1,gh-2-1-28-46,Handle_New_Exception,Insert_Delete_Thrown_Exception,Change_Method_Call
so-15240012-2-1,gh-0-1-67-238,Handle_New_Exception,Rename,Update_Constant_Value,Change_Method_Call,Change_Conditional_Expression,Inline_Field,Update_Exception_Type,Insert_If_Check,Change_Logging,Update_Type
so-13436737-0-1,gh-2-3-13-41,Rename,Change_Annotation,Update_Type,Change_Access_Modifier
so-33446134-1-1,gh-0-1-220-234,Rename,Insert_Final_Modifier,Change_Access_Modifier
so-10997886-0-2,gh-9-1-208-264,Rename,Change_Method_Call,Insert_If_Check,Change_Comment,Change_Access_Modifier,Update_Type
so-10997886-0-2,gh-6-1-333-386,Rename,Change_Comment
so-38552765-0-1,gh-4-3-620-641,Rename,Update_Constant_Value,Change_Method_Call,Inline_Field,Change_Comment,Change_Access_Modifier,Update_Type
so-4247616-0-1,gh-0-5-162-179,Rename,Change_Method_Call,Change_Conditional_Expression,Declare_Unknown_Variable,Change_Access_Modifier
so-12193485-3-1,gh-3-1-45-87,Change_Method_Call,Change_Conditional_Expression
so-11189384-10-1,gh-1-1-309-324
so-3860287-1-2,gh-5-1-20-63,Change_Method_Call,Change_Conditional_Expression,Insert_If_Check,Change_Comment
so-3860287-1-2,gh-3-1-186-218,Change_Curly_Brace,Change_Method_Call,Change_Conditional_Expression,Insert_If_Check,Change_Comment,Change_Access_Modifier
so-12026782-0-1,gh-0-1-284-308,Rename,Change_Comment
so-17490344-0-1,gh-18-8-150-173,Change_Comment
so-1982033-0-2,gh-0-1-21-41,Update_Constant_Value,Change_Comment
so-550172-1-1,gh-17-1-146-180,Change_Access_Modifier
so-9734437-13-2,gh-5-2-227-250,Rename,Insert_Final_Modifier,Change_Curly_Brace,Change_Method_Call,Change_Conditional_Expression,Insert_If_Check
so-9734437-13-2,gh-4-2-252-278,Insert_Final_Modifier
so-14194104-11-2,gh-0-1-215-236
so-2563382-4-1,gh-0-1-46-71,Change_Curly_Brace
so-35247072-25-1,gh-1-1-137-158,Delete_UnKnown_Variable_Or_Call,Change_Method_Call,Insert_If_Check
so-35247072-25-1,gh-0-1-146-160,Delete_UnKnown_Variable_Or_Call,Change_Method_Call
so-2171141-0-1,gh-0-2-115-131,Rename,Change_Method_Call,Change_Comment,Change_Access_Modifier
so-21851201-16-1,gh-0-1-248-279,Change_Method_Call
so-21851201-16-1,gh-1-2-221-252
so-24777687-2-1,gh-2-1-136-146,Update_Constant_Value,Delete_UnKnown_Variable_Or_Call,Change_Method_Call,Change_Annotation,Update_Type
so-21026866-0-2,gh-1-1-604-628,Update_Constant_Value,Change_Method_Call
so-37816976-4-1,gh-0-1-87-119,Change_Method_Call
so-12804063-0-1,gh-1-1-572-602,Change_Method_Call,Resolve_Local_Method_Call
so-12804063-0-1,gh-2-1-708-739,Change_Method_Call,Resolve_Local_Method_Call
so-15409446-1-2,gh-5-1-76-93,Handle_New_Exception,Insert_Delete_Thrown_Exception,Change_Method_Call,Insert_Delete_Try_Catch,Change_Logging,Change_Comment
so-15409446-1-2,gh-7-1-97-124,Insert_Final_Modifier,Change_Comment,Change_Access_Modifier
so-7327332-0-2,gh-19-1-19-64,Insert_If_Check,Change_Comment,Change_Annotation
so-7327332-0-2,gh-40-1-144-187,Change_Method_Call,Change_Conditional_Expression,Insert_If_Check,Factor_Out_Constant,Change_Annotation,Change_Access_Modifier,Update_Type
so-7327332-0-2,gh-41-1-26-65,Change_Annotation,Update_Type
so-7327332-0-2,gh-12-1-78-123,Rename,Factor_Out_Constant,Change_Annotation
so-11242648-0-1,gh-0-1-95-113,Rename,Change_Catch_Block,Change_Logging
so-25462286-6-1,gh-0-1-170-192,Update_Type
so-25462286-6-1,gh-3-10-124-142
so-25462286-6-1,gh-4-1-123-138,Rename
so-25462286-6-1,gh-6-2-139-157,Update_Type
so-2068649-0-1,gh-0-1-87-104,Change_Comment,Update_Type,Change_Access_Modifier
so-921408-0-2,gh-0-1-76-103,Handle_New_Exception,Rename,Insert_Delete_Thrown_Exception,Change_Conditional_Expression,Change_Comment,Change_Finally,Change_Access_Modifier,Update_Type
so-12822025-0-1,gh-2-2-62-82,Rename,Change_Method_Call,Change_Conditional_Expression,Change_Comment,Change_Access_Modifier
so-12822025-0-1,gh-0-1-75-96,Change_Method_Call,Change_Conditional_Expression,Change_Comment,Change_Access_Modifier
so-12822025-0-1,gh-1-2-55-77,Change_Method_Call,Change_Conditional_Expression,Change_Comment,Change_Access_Modifier
so-11868040-0-1,gh-8-2-263-276,Rename,Update_Constant_Value,Change_Method_Call,Change_Conditional_Expression,Insert_If_Check
so-60306-2-1,gh-0-1-101-126,Handle_New_Exception,Change_Method_Call,Insert_If_Check,Insert_Delete_Try_Catch
so-5535672-19-1,gh-6-2-221-295,Delete_UnKnown_Variable_Or_Call,Change_Method_Call,Change_Conditional_Expression
so-5535672-19-1,gh-3-1-162-245,Delete_UnKnown_Variable_Or_Call,Change_Method_Call,Change_Conditional_Expression,Resolve_Local_Method_Call,Change_Access_Modifier
so-5535672-19-1,gh-10-1-545-605,Insert_Final_Modifier,Change_Curly_Brace,Delete_UnKnown_Variable_Or_Call,Change_Method_Call,Change_Conditional_Expression,Resolve_Local_Method_Call
so-5535672-19-1,gh-0-2-211-284,Rename,Update_Constant_Value,Delete_UnKnown_Variable_Or_Call,Change_Method_Call,Change_Conditional_Expression
so-12522075-5-1,gh-0-1-92-109,Change_Curly_Brace,Change_Method_Call,Change_Conditional_Expression,Change_Annotation,Change_Access_Modifier
so-34673382-1-1,gh-0-1-54-73,Change_Comment,Change_Annotation
so-19243628-12-1,gh-2-2-221-295,Rename,Change_Method_Call,Change_Conditional_Expression,Update_Type
so-12297231-0-2,gh-0-1-85-109,Rename,Change_Method_Call,Insert_If_Check,Change_Access_Modifier
so-12297231-0-2,gh-5-1-50-65,Insert_If_Check,Change_Access_Modifier
so-12297231-0-2,gh-1-1-48-61,Change_Access_Modifier
so-5412988-7-1,gh-0-1-83-100
so-36169710-0-1,gh-0-1-24-50
so-4281243-0-2,gh-0-1-76-113,Change_Catch_Block,Insert_Final_Modifier,Update_Constant_Value,Delete_UnKnown_Variable_Or_Call,Change_Method_Call,Change_Logging,Declare_Unknown_Variable,Update_Type,Change_Access_Modifier
so-4281243-0-2,gh-1-1-29-88,Change_Catch_Block,Insert_Final_Modifier,Change_Curly_Brace,Update_Constant_Value,Delete_UnKnown_Variable_Or_Call,Change_Method_Call,Change_Logging,Change_Comment,Declare_Unknown_Variable,Update_Type,Change_Access_Modifier
so-36236657-0-1,gh-1-1-44-54
so-16340273-0-1,gh-3-1-55-79,Rename,Change_Curly_Brace,Change_Method_Call,Change_Conditional_Expression,Change_Annotation,Update_Type,Change_Access_Modifier
so-16340273-0-1,gh-4-1-61-77,Rename,Change_Curly_Brace,Change_Conditional_Expression,Change_Annotation
so-22980843-0-2,gh-6-1-104-137,Handle_New_Exception,Rename,Change_Catch_Block,Insert_Final_Modifier,Change_Method_Call,Insert_If_Check,Update_Exception_Type,Change_Comment,Update_Type
so-22980843-0-2,gh-5-1-150-177,Handle_New_Exception,Update_Exception_Type,Change_Comment,Factor_Out_Constant,Update_Type
so-723914-1-1,gh-0-1-80-94,Rename,Insert_Delete_Thrown_Exception,Change_Method_Call,Inline_Field,Change_Logging,Update_Type,Change_Access_Modifier
so-3145655-1-9,gh-0-1-22-55,Rename,Change_Curly_Brace,Update_Constant_Value,Change_Annotation,Update_Type
so-3145655-1-9,gh-1-2-20-50,Update_Constant_Value
so-3145655-1-9,gh-8-1-43-73,Rename,Insert_Final_Modifier
so-21851201-0-1,gh-0-1-285-304,Rename
so-21851201-0-1,gh-1-1-280-309,Rename,Insert_Final_Modifier,Change_Method_Call,Change_Access_Modifier
so-7549421-7-1,gh-1-1-59-85,Change_Curly_Brace,Delete_UnKnown_Variable_Or_Call,Change_Method_Call,Change_Conditional_Expression
so-5212336-0-1,gh-2-1-77-106,Rename,Change_Access_Modifier
so-13046700-3-1,gh-1-2-31-56,Change_Method_Call,Change_Conditional_Expression,Inline_Field,Change_Comment
so-13046700-3-1,gh-3-2-40-64,Rename,Update_Constant_Value,Change_Method_Call,Change_Conditional_Expression
so-14167008-12-1,gh-4-1-184-212,Change_Curly_Brace,Change_Method_Call,Insert_If_Check
so-14167008-12-1,gh-0-4-140-161,Rename,Update_Constant_Value
so-14167008-12-1,gh-5-1-154-182,Rename,Update_Constant_Value,Change_Method_Call,Insert_If_Check
so-14167008-12-1,gh-1-4-163-184
so-11187462-6-1,gh-3-2-125-165
so-5446323-9-1,gh-0-1-143-190
so-29610402-0-1,gh-0-1-19-44,Insert_Final_Modifier
so-10235381-4-1,gh-1-1-97-128,Change_Method_Call,Change_Logging,Change_Annotation
so-10235381-4-1,gh-12-1-114-144,Handle_New_Exception,Rename,Change_Curly_Brace,Change_Method_Call,Insert_Delete_Try_Catch,Change_Logging
so-10235381-4-1,gh-4-5-98-127,Change_Annotation
so-10235381-4-1,gh-8-1-103-129,Rename,Change_Catch_Block,Insert_Final_Modifier,Insert_If_Check,Change_Logging
so-10235381-4-1,gh-5-1-96-120,Change_Logging
so-10235381-4-1,gh-9-1-101-132,Change_Method_Call,Change_Annotation
so-10235381-4-1,gh-7-1-98-127,Change_Method_Call,Change_Annotation
so-20905824-0-2,gh-0-1-29-53,Rename,Update_Type
so-20905824-0-2,gh-3-1-48-76,Rename,Update_Type
so-20905824-0-2,gh-4-1-19-44,Change_Annotation,Update_Type
so-33711983-5-1,gh-0-1-204-229,Change_Method_Call,Change_Conditional_Expression,Declare_Unknown_Variable,Change_Access_Modifier
so-13778405-1-1,gh-0-1-366-527
so-13778405-1-1,gh-1-1-219-364,Rename,Update_Constant_Value,Change_Method_Call,Change_Conditional_Expression,Insert_If_Check
so-13778405-1-1,gh-2-1-529-686,Rename,Update_Constant_Value,Change_Method_Call,Change_Conditional_Expression,Insert_If_Check
so-20685546-0-1,gh-0-1-191-217,Rename,Insert_Delete_Thrown_Exception,Change_Method_Call,Insert_If_Check,Change_Comment,Change_Annotation,Change_Access_Modifier
so-13778405-0-1,gh-0-1-366-527,Rename,Update_Constant_Value,Change_Method_Call,Change_Conditional_Expression
so-13778405-0-1,gh-2-1-219-364
so-13778405-0-1,gh-1-1-529-686,Rename,Update_Constant_Value,Change_Method_Call,Change_Conditional_Expression,Insert_If_Check
so-15594751-4-1,gh-0-2-57-87,Change_Method_Call,Insert_If_Check,Change_Comment,Update_Type,Change_Access_Modifier
so-21851201-15-1,gh-2-1-161-214,Change_Method_Call
so-21851201-15-1,gh-1-1-164-211,Delete_UnKnown_Variable_Or_Call,Change_Method_Call
so-21851201-15-1,gh-0-1-188-246,Change_Method_Call,Insert_If_Check,Change_Annotation
so-16429758-7-1,gh-2-1-71-86,Rename,Update_Constant_Value,Change_Method_Call,Change_Conditional_Expression
so-11189384-8-1,gh-1-1-247-284
so-10404906-3-1,gh-0-1-66-82,Delete_UnKnown_Variable_Or_Call,Change_Method_Call
so-989272-0-1,gh-19-1-47-114,Change_Method_Call,Insert_Delete_Try_Catch,Insert_If_Check,Change_Logging,Change_Comment,Change_Access_Modifier
so-989272-0-1,gh-16-1-724-761,Rename,Delete_UnKnown_Variable_Or_Call,Change_Method_Call,Change_Logging,Change_Access_Modifier
so-19901687-6-1,gh-1-3-54-86
so-4815428-0-1,gh-0-2-13-46,Change_Comment
so-32544730-3-1,gh-1-2-31-56,Delete_UnKnown_Variable_Or_Call,Change_Method_Call,Change_Conditional_Expression,Change_Comment
so-32544730-3-1,gh-4-2-40-64,Update_Constant_Value,Delete_UnKnown_Variable_Or_Call,Change_Method_Call,Change_Conditional_Expression,Factor_Out_Constant
so-20418809-0-1,gh-6-1-217-289,Rename,Change_Method_Call,Insert_If_Check,Change_Comment,Change_Access_Modifier
so-20418809-0-1,gh-9-1-13-84,Change_Comment,Change_Access_Modifier
so-5048863-1-1,gh-0-1-37-93,Rename
so-2248203-0-1,gh-1-1-65-90,Change_Method_Call,Change_Logging,Change_Comment,Change_Annotation
so-2248203-0-1,gh-0-1-215-235,Change_Method_Call,Change_Logging
so-27767147-0-1,gh-0-1-55-82
so-11367825-9-1,gh-0-2-434-455,Change_Access_Modifier
so-5820366-0-1,gh-6-1-23-65,Change_Method_Call,Change_Conditional_Expression,Insert_If_Check,Change_Comment,Update_Type
so-12821612-1-3,gh-2-1-67-91,Handle_New_Exception,Change_Method_Call,Update_Exception_Type,Change_Access_Modifier,Update_Type
so-14507558-2-1,gh-0-1-64-153,Change_Method_Call,Change_Conditional_Expression,Insert_If_Check,Factor_Out_Constant
so-11353603-2-1,gh-0-1-45-61,Change_Method_Call,Insert_If_Check
so-27455363-1-1,gh-6-1-141-174,Update_Constant_Value
so-27455363-1-1,gh-5-1-435-490,Rename,Insert_Final_Modifier,Update_Constant_Value,Delete_UnKnown_Variable_Or_Call,Change_Method_Call,Resolve_Local_Method_Call,Insert_If_Check,Change_Comment,Change_Annotation,Change_Access_Modifier,Update_Type
so-27455363-1-1,gh-8-1-454-493,Update_Constant_Value,Change_Comment,Change_Annotation,Change_Access_Modifier
so-4826122-1-1,gh-0-3-260-284,Change_Comment
so-26654728-4-1,gh-0-1-83-105,Change_Catch_Block,Change_Logging
so-2799190-2-1,gh-0-1-470-502,Rename,Change_Curly_Brace,Change_Method_Call,Change_Comment,Update_Type
so-8721483-0-1,gh-0-1-265-281,Change_Conditional_Expression,Change_Comment,Declare_Unknown_Variable
so-27037230-5-2,gh-70-1-64-76,Rename,Insert_Final_Modifier,Update_Constant_Value,Change_Annotation
so-27037230-5-2,gh-69-1-50-62,Rename,Insert_Final_Modifier,Change_Annotation
so-31852074-1-1,gh-0-1-1045-1066,Rename,Delete_UnKnown_Variable_Or_Call,Change_Method_Call,Insert_If_Check
so-5759318-0-2,gh-0-1-56-71,Rename,Delete_UnKnown_Variable_Or_Call,Change_Method_Call,Change_Access_Modifier
so-14093635-7-2,gh-34-2-42-83,Update_Type
so-12938787-3-8,gh-3-2-32-59,Change_Curly_Brace,Delete_UnKnown_Variable_Or_Call
so-119586-0-1,gh-1-2-407-441
so-119586-0-1,gh-0-2-263-294,Insert_Final_Modifier
so-4937713-1-3,gh-0-2-36-73
so-1447720-1-1,gh-2-1-64-104,Insert_If_Check,Change_Access_Modifier
so-85266-0-2,gh-0-2-10-19,Change_Conditional_Expression,Change_Annotation,Change_Access_Modifier
so-28895857-0-1,gh-0-1-470-487,Change_Method_Call,Change_Conditional_Expression,Change_Comment
so-28895857-0-1,gh-1-1-217-239,Rename,Change_Method_Call,Change_Conditional_Expression,Change_Logging,Change_Comment,Update_Type
so-18514797-2-3,gh-0-1-31-50,Rename,Delete_UnKnown_Variable_Or_Call,Insert_If_Check,Change_Comment,Change_Access_Modifier
so-13648873-0-6,gh-3-1-349-393,Rename,Update_Constant_Value,Change_Method_Call,Insert_Delete_Try_Catch,Change_Logging,Change_Comment,Update_Type
so-13648873-0-6,gh-1-1-140-184,Rename,Update_Type
so-13648873-0-6,gh-2-1-229-269,Change_Comment,Update_Type
so-237204-0-2,gh-5-1-9-39,Rename,Update_Constant_Value,Change_Comment
so-17215011-1-1,gh-0-1-165-185,Rename,Update_Constant_Value,Inline_Field,Change_Comment,Update_Type
so-4918080-1-1,gh-5-1-35-106,Change_Method_Call
so-4918080-1-1,gh-4-2-38-122
so-4918080-1-1,gh-2-1-29-94,Insert_Final_Modifier
so-4918080-1-1,gh-0-1-31-102,Insert_Delete_Thrown_Exception,Change_Method_Call,Change_Annotation,Update_Type,Change_Access_Modifier
so-23930889-0-1,gh-0-1-27-56
so-4265472-0-2,gh-0-1-923-950
so-4265472-0-2,gh-6-1-735-770,Rename,Change_Comment,Change_Access_Modifier
so-4265472-0-2,gh-4-2-84-117,Rename,Change_Comment,Change_Access_Modifier
so-4265472-0-2,gh-1-2-75-110,Rename,Change_Comment,Change_Access_Modifier
so-4265472-0-2,gh-15-1-20-49,Rename
so-27259163-0-1,gh-0-1-554-587,Change_Comment
so-1562857-0-1,gh-0-1-75-125,Insert_Final_Modifier,Change_Comment,Update_Type,Change_Access_Modifier
so-755151-2-1,gh-2-1-72-96,Rename,Update_Constant_Value,Delete_UnKnown_Variable_Or_Call,Change_Method_Call,Change_Conditional_Expression,Change_Comment
so-755151-2-1,gh-1-1-51-68,Delete_UnKnown_Variable_Or_Call,Change_Method_Call,Insert_If_Check
so-18061610-2-5,gh-1-1-25-41,Insert_Final_Modifier,Change_Curly_Brace,Change_Method_Call
so-10127787-1-83,gh-7-27-168-187,Rename,Change_Method_Call,Change_Conditional_Expression,Change_Comment
so-14144956-0-1,gh-0-1-229-297,Rename,Change_Catch_Block,Insert_Delete_Thrown_Exception
so-14194104-19-3,gh-0-1-48-71
so-11854901-12-1,gh-5-1-341-363,Change_Method_Call
so-11854901-12-1,gh-4-1-332-357,Update_Constant_Value,Change_Method_Call,Insert_If_Check,Update_Type
so-11854901-12-1,gh-6-1-317-339,Rename,Update_Constant_Value,Change_Method_Call,Update_Type
so-20559418-0-15,gh-74-1-97-167,Rename,Change_Curly_Brace,Change_Comment,Change_Annotation,Change_Access_Modifier
so-18114634-0-2,gh-3-2-11-34,Change_Catch_Block
so-14565436-0-5,gh-0-2-180-209,Rename,Change_Curly_Brace,Change_Method_Call,Change_Conditional_Expression,Insert_If_Check,Change_Comment,Change_Access_Modifier
so-8003222-9-1,gh-0-1-349-397,Rename,Delete_UnKnown_Variable_Or_Call,Change_Comment
so-11417498-0-1,gh-0-2-56-72,Update_Type
so-9096241-4-1,gh-0-2-188-273,Change_Method_Call
so-1248709-4-1,gh-2-1-62-368,Change_Method_Call
so-13345781-0-1,gh-0-1-51-83,Rename,Update_Constant_Value,Change_Method_Call,Change_Access_Modifier
so-7663966-0-1,gh-5-1-752-787,Change_Method_Call,Change_Comment
so-24017605-0-1,gh-1-1-17-26,Insert_Final_Modifier,Change_Method_Call,Resolve_Local_Method_Call
so-18004334-3-1,gh-3-1-157-179,Change_Curly_Brace
so-6163701-11-3,gh-4-1-302-315,Change_Method_Call
so-6163701-11-3,gh-3-1-292-302,Change_Method_Call
so-6163701-11-3,gh-5-1-281-293,Rename,Change_Method_Call,Update_Type
so-26196831-4-1,gh-5-3-23-46,Rename
so-26196831-4-1,gh-1-1-27-45,Rename,Change_Method_Call,Update_Type
so-30228437-0-1,gh-0-1-44-74,Change_Method_Call
so-2599518-1-2,gh-3-1-63-83,Insert_Final_Modifier,Change_Curly_Brace,Change_Logging,Factor_Out_Constant
so-19831208-2-1,gh-2-1-162-197,Update_Type,Change_Access_Modifier
so-27301389-4-1,gh-1-1-57-75,Rename,Delete_UnKnown_Variable_Or_Call,Change_Method_Call,Resolve_Local_Method_Call,Change_Annotation,Update_Type
so-31950789-0-1,gh-0-1-580-600,Rename,Update_Constant_Value,Change_Logging,Change_Access_Modifier
so-1281295-1-1,gh-12-1-33-81,Change_Method_Call,Insert_If_Check,Change_Comment,Change_Access_Modifier,Update_Type
so-1281295-1-1,gh-10-1-60-103,Rename,Delete_UnKnown_Variable_Or_Call,Change_Method_Call,Insert_If_Check,Change_Comment,Factor_Out_Constant,Change_Access_Modifier
so-27679348-1-1,gh-3-1-28-46,Handle_New_Exception,Change_Method_Call,Update_Exception_Type,Update_Type
so-559781-2-7,gh-0-1-79-101
so-559781-2-7,gh-2-1-71-102,Rename,Change_Method_Call,Insert_If_Check,Update_Type
so-1248627-1-1,gh-6-1-184-279,Rename,Change_Curly_Brace,Change_Logging,Change_Comment,Change_Access_Modifier
so-1248627-1-1,gh-0-1-157-246,Rename,Change_Curly_Brace,Change_Logging,Change_Comment
so-1248627-1-1,gh-2-1-160-244,Change_Curly_Brace,Change_Conditional_Expression,Insert_If_Check,Change_Logging,Change_Annotation,Change_Access_Modifier
so-1248627-1-1,gh-1-1-48-128,Rename,Change_Curly_Brace,Change_Method_Call,Change_Logging,Change_Comment,Change_Access_Modifier
so-10424766-17-1,gh-21-1-266-307,Rename,Change_Curly_Brace,Update_Constant_Value,Change_Method_Call,Change_Conditional_Expression
so-10424766-17-1,gh-17-1-279-330,Rename,Change_Curly_Brace,Update_Constant_Value,Change_Method_Call,Change_Conditional_Expression,Update_Type
so-10424766-17-1,gh-12-1-284-326,Rename,Change_Curly_Brace,Update_Constant_Value,Change_Method_Call,Change_Conditional_Expression
so-1399432-1-2,gh-1-1-106-137,Rename,Insert_Delete_Thrown_Exception,Change_Method_Call,Resolve_Local_Method_Call,Insert_Delete_Try_Catch,Change_Finally,Change_Access_Modifier,Update_Type
so-1399432-1-2,gh-9-1-42-70,Rename
so-1399432-1-2,gh-2-3-20-47
so-1399432-1-2,gh-4-3-26-60,Resolve_Local_Method_Call,Inline_Field
so-1399432-1-2,gh-10-1-133-165,Rename,Insert_Delete_Thrown_Exception,Change_Method_Call,Resolve_Local_Method_Call,Insert_Delete_Try_Catch,Change_Logging,Change_Finally,Change_Access_Modifier,Update_Type
so-1399432-1-2,gh-0-1-154-200,Rename,Change_Comment,Change_Annotation,Change_Access_Modifier
so-2904999-0-1,gh-0-1-291-306,Change_Access_Modifier
so-6565597-0-3,gh-6-1-26-51,Rename,Change_Method_Call,Insert_If_Check,Change_Comment,Factor_Out_Constant,Change_Access_Modifier
so-2969715-0-1,gh-10-1-119-165,Rename,Insert_Delete_Thrown_Exception,Change_Method_Call,Insert_If_Check,Change_Comment
so-2969715-0-1,gh-4-1-27-47,Rename,Change_Method_Call,Change_Conditional_Expression
so-13308996-3-1,gh-0-2-39-77
so-5937929-0-1,gh-7-1-56-121,Update_Constant_Value,Change_Method_Call,Change_Conditional_Expression
so-5392460-0-1,gh-0-1-11-33,Update_Constant_Value
so-5252726-0-3,gh-3-1-260-317,Rename,Change_Method_Call,Change_Comment,Update_Type
so-5651242-0-9,gh-1-1-254-292,Rename,Insert_Final_Modifier,Update_Constant_Value,Delete_UnKnown_Variable_Or_Call,Change_Method_Call,Change_Comment,Update_Type
so-30073528-0-2,gh-2-1-22-43,Rename
so-30073528-0-2,gh-0-2-90-108,Change_Access_Modifier
so-31600193-0-1,gh-0-1-21-33
so-4245962-0-1,gh-0-1-14-55,Insert_Delete_Thrown_Exception,Change_Method_Call,Change_Conditional_Expression,Change_Comment,Change_Finally,Change_Access_Modifier
so-11926880-2-1,gh-6-1-76-185
so-29171652-0-2,gh-0-1-87-119,Rename,Change_Curly_Brace,Update_Constant_Value,Change_Method_Call,Insert_If_Check,Update_Type
so-14245807-3-1,gh-0-1-445-463,Change_Catch_Block,Update_Constant_Value,Change_Logging,Factor_Out_Constant
so-3427058-3-4,gh-0-4-57-77
so-4265472-1-1,gh-7-1-952-979
so-1507813-0-2,gh-12-1-41-62,Change_Comment,Change_Access_Modifier
so-5412988-8-1,gh-0-1-103-138
so-24638963-5-1,gh-0-1-90-106,Rename,Update_Constant_Value
so-3145655-10-22,gh-4-1-100-130,Rename
so-3145655-10-22,gh-1-12-89-119
so-3145655-10-22,gh-0-1-96-129,Rename,Change_Curly_Brace,Change_Annotation
so-12642970-4-1,gh-0-1-68-118
so-16646691-1-1,gh-2-1-774-795
so-16646691-1-1,gh-3-1-525-560,Change_Method_Call
so-10802188-0-1,gh-0-1-57-90,Change_Method_Call,Change_Conditional_Expression,Change_Comment
so-7108813-0-1,gh-18-1-47-114,Rename,Delete_UnKnown_Variable_Or_Call,Change_Method_Call,Insert_Delete_Try_Catch,Insert_If_Check,Change_Logging,Change_Comment
so-7108813-0-1,gh-15-1-724-761,Rename,Delete_UnKnown_Variable_Or_Call,Change_Method_Call,Change_Logging
so-14542589-0-1,gh-2-1-87-121
so-4869034-1-1,gh-1-1-877-902
so-22492582-0-1,gh-3-1-496-536,Change_Catch_Block,Change_Method_Call,Change_Logging,Factor_Out_Constant,Change_Access_Modifier
so-7875656-3-2,gh-1-2-31-56,Change_Comment
so-7875656-3-2,gh-4-2-40-64,Update_Constant_Value,Change_Method_Call,Factor_Out_Constant
so-23291236-5-1,gh-0-1-98-162,Change_Method_Call,Change_Conditional_Expression,Insert_If_Check
so-5737454-2-1,gh-0-1-28-46
so-2581754-0-1,gh-12-1-11-34,Rename,Insert_Final_Modifier,Change_Method_Call,Change_Comment,Change_Annotation,Update_Type
so-2581754-0-1,gh-35-1-20-39,Rename
so-2581754-0-1,gh-30-1-13-42,Change_Method_Call,Insert_If_Check,Change_Comment
so-2581754-0-1,gh-18-2-26-45,Rename,Insert_Final_Modifier,Change_Method_Call,Change_Annotation,Update_Type
so-2581754-0-1,gh-34-1-41-60,Rename
so-2581754-0-1,gh-32-1-62-81,Insert_Final_Modifier,Change_Method_Call,Insert_If_Check
so-2581754-0-1,gh-19-1-27-51,Rename,Insert_Final_Modifier,Change_Method_Call,Change_Comment,Change_Annotation,Update_Type
so-16386066-3-1,gh-0-1-137-225,Handle_New_Exception,Rename,Change_Method_Call,Insert_Delete_Try_Catch,Insert_If_Check,Change_Logging
so-6700039-1-3,gh-1-2-801-825,Handle_New_Exception,Insert_Delete_Thrown_Exception,Change_Method_Call,Insert_Delete_Try_Catch
so-11786924-0-2,gh-1-1-35-103,Change_Comment
so-18417382-1-1,gh-0-1-36-56,Update_Constant_Value,Change_Comment
so-18417382-1-1,gh-3-1-20-40,Change_Method_Call,Change_Comment
so-18417382-1-1,gh-1-5-42-63
so-31512017-3-2,gh-0-1-182-202,Change_Method_Call,Change_Conditional_Expression,Update_Type,Change_Access_Modifier
so-4640179-0-1,gh-4-1-30-50,Change_Comment,Update_Type,Change_Access_Modifier
so-14211580-0-1,gh-1-1-195-223,Change_Method_Call,Change_Logging
so-30386358-0-1,gh-88-1-55-70,Rename,Update_Constant_Value,Change_Method_Call
so-16191770-0-1,gh-8-1-36-50,Update_Constant_Value
so-27173634-5-1,gh-24-1-200-245,Change_Curly_Brace,Change_Method_Call,Insert_If_Check,Change_Comment,Change_Access_Modifier
so-11189384-9-1,gh-1-1-286-307
so-11189384-4-1,gh-1-1-86-124
so-27286385-2-1,gh-0-1-39-75,Rename,Update_Constant_Value
so-16585072-0-2,gh-0-1-131-176,Rename,Change_Method_Call,Change_Comment,Update_Type
so-14868161-1-1,gh-0-1-237-264,Change_Method_Call,Change_Comment,Change_Access_Modifier
so-14868161-1-1,gh-5-1-206-235,Change_Comment,Change_Access_Modifier
so-12101310-0-1,gh-7-3-620-641,Rename,Change_Method_Call,Change_Comment,Change_Access_Modifier
so-27616854-1-10,gh-7-1-18-66,Rename,Insert_If_Check
so-2120714-0-1,gh-2-1-211-234,Change_Curly_Brace,Change_Method_Call,Change_Conditional_Expression,Update_Type,Change_Access_Modifier
so-22589715-7-1,gh-2-1-270-283,Change_Method_Call
so-22589715-7-1,gh-3-1-292-302,Rename,Change_Method_Call,Update_Type
so-22589715-7-1,gh-4-1-371-378,Rename,Change_Method_Call,Change_Conditional_Expression,Update_Type
so-22589715-7-1,gh-5-1-281-293,Change_Method_Call
so-15008017-2-1,gh-11-1-219-270,Change_Access_Modifier
so-18638588-0-2,gh-3-1-74-98,Rename,Change_Catch_Block,Change_Logging,Factor_Out_Constant
so-18638588-0-2,gh-2-1-37-61,Rename,Change_Catch_Block,Insert_Final_Modifier,Change_Method_Call,Change_Logging,Change_Comment,Factor_Out_Constant,Change_Access_Modifier
so-1497614-4-1,gh-2-1-74-98,Update_Exception_Type,Update_Type
